-- MySQL Script generated by MySQL Workbench
-- 12/09/16 17:01:21
-- Model: New Model    Version: 1.0
-- MySQL Workbench Forward Engineering

SET @OLD_UNIQUE_CHECKS=@@UNIQUE_CHECKS, UNIQUE_CHECKS=0;
SET @OLD_FOREIGN_KEY_CHECKS=@@FOREIGN_KEY_CHECKS, FOREIGN_KEY_CHECKS=0;
SET @OLD_SQL_MODE=@@SQL_MODE, SQL_MODE='TRADITIONAL,ALLOW_INVALID_DATES';

-- -----------------------------------------------------
-- Schema ceiba_negra
-- -----------------------------------------------------
-- Sistema para control de ventas de lotes
DROP SCHEMA IF EXISTS `ceiba_negra` ;

-- -----------------------------------------------------
-- Schema ceiba_negra
--
-- Sistema para control de ventas de lotes
-- -----------------------------------------------------
CREATE SCHEMA IF NOT EXISTS `ceiba_negra` DEFAULT CHARACTER SET utf8 ;
USE `ceiba_negra` ;

-- -----------------------------------------------------
-- Table `ceiba_negra`.`manzanas`
-- -----------------------------------------------------
DROP TABLE IF EXISTS `ceiba_negra`.`manzanas` ;

CREATE TABLE IF NOT EXISTS `ceiba_negra`.`manzanas` (
  `id_manzana` INT UNSIGNED NOT NULL AUTO_INCREMENT,
  `manzana` INT(4) UNSIGNED NOT NULL,
  `calle` VARCHAR(45) NOT NULL COMMENT 'Calle de referencia que tiene la manzana',
  `estado` TINYINT(1) NOT NULL,
  PRIMARY KEY (`id_manzana`))
ENGINE = InnoDB
COMMENT = 'Estado de la manza, permitir치 saber si se pueden vender lo cual permitira  diferenciar si se le pueden o no anexar lotes';

CREATE UNIQUE INDEX `manzana_UNIQUE` ON `ceiba_negra`.`manzanas` (`manzana` ASC);


-- -----------------------------------------------------
-- Table `ceiba_negra`.`precios`
-- -----------------------------------------------------
DROP TABLE IF EXISTS `ceiba_negra`.`precios` ;

CREATE TABLE IF NOT EXISTS `ceiba_negra`.`precios` (
  `id_precio` INT UNSIGNED NOT NULL AUTO_INCREMENT,
  `precio` DOUBLE UNSIGNED NOT NULL,
  `enganche` DOUBLE UNSIGNED NOT NULL,
  `pagos` DOUBLE UNSIGNED NOT NULL,
  PRIMARY KEY (`id_precio`))
ENGINE = InnoDB
COMMENT = 'Tabla de precios estandar por lote, servir치 como recomendaci칩n pero se deber치 de igual forma permitir alterar los precios en el contrato final por si se compra m치s de un lote o se llega a alg칰n acuerdo en especifico.\n';


-- -----------------------------------------------------
-- Table `ceiba_negra`.`lotes`
-- -----------------------------------------------------
DROP TABLE IF EXISTS `ceiba_negra`.`lotes` ;

CREATE TABLE IF NOT EXISTS `ceiba_negra`.`lotes` (
  `id_lote` INT UNSIGNED NOT NULL,
  `id_manzana` INT(4) UNSIGNED NOT NULL,
  `lote` CHAR(4) NOT NULL,
  `superficie` DOUBLE(8,2) UNSIGNED NOT NULL,
  `id_precio` INT UNSIGNED NOT NULL,
  `vendido` TINYINT(1) NOT NULL,
  `col_norte` VARCHAR(100) NOT NULL,
  `col_sur` VARCHAR(100) NOT NULL,
  `col_este` VARCHAR(100) NOT NULL,
  `col_oeste` VARCHAR(100) NOT NULL,
  `x` DOUBLE UNSIGNED NOT NULL COMMENT 'Cordenana x para el pluggin',
  `y` DOUBLE UNSIGNED NOT NULL COMMENT 'Coordenada y para el plugin',
  PRIMARY KEY (`id_lote`),
  CONSTRAINT `FK_Lotes_Manzanas`
    FOREIGN KEY (`id_manzana`)
    REFERENCES `ceiba_negra`.`manzanas` (`id_manzana`)
    ON DELETE NO ACTION
    ON UPDATE NO ACTION,
  CONSTRAINT `FK_Lotes_Precios`
    FOREIGN KEY (`id_precio`)
    REFERENCES `ceiba_negra`.`precios` (`id_precio`)
    ON DELETE NO ACTION
    ON UPDATE NO ACTION)
ENGINE = InnoDB
COMMENT = 'Fraccion de terreno a vender.\nLa superficie debe mostrarse en m^2, manejarlo con css\n';

CREATE INDEX `FK_Manzanas_Lotes_idx` ON `ceiba_negra`.`lotes` (`id_manzana` ASC);

CREATE INDEX `FK_Lotes_Precios_idx` ON `ceiba_negra`.`lotes` (`id_precio` ASC);


-- -----------------------------------------------------
-- Table `ceiba_negra`.`lideres`
-- -----------------------------------------------------
DROP TABLE IF EXISTS `ceiba_negra`.`lideres` ;

CREATE TABLE IF NOT EXISTS `ceiba_negra`.`lideres` (
  `id_lider` INT UNSIGNED NOT NULL AUTO_INCREMENT,
  `nombre` VARCHAR(45) NOT NULL,
  `apellidos` VARCHAR(45) NOT NULL,
  `correo` VARCHAR(45) NOT NULL,
  `telefono` BIGINT(10) UNSIGNED NOT NULL,
  PRIMARY KEY (`id_lider`))
ENGINE = InnoDB;


-- -----------------------------------------------------
-- Table `ceiba_negra`.`clientes`
-- -----------------------------------------------------
DROP TABLE IF EXISTS `ceiba_negra`.`clientes` ;

CREATE TABLE IF NOT EXISTS `ceiba_negra`.`clientes` (
  `id_cliente` INT UNSIGNED NOT NULL AUTO_INCREMENT,
  `nombre` VARCHAR(45) NOT NULL,
  `apellidos` VARCHAR(45) NOT NULL,
  `correo` VARCHAR(45) NOT NULL,
  `telefono` BIGINT UNSIGNED NOT NULL,
  PRIMARY KEY (`id_cliente`))
ENGINE = InnoDB;


-- -----------------------------------------------------
-- Table `ceiba_negra`.`bancos`
-- -----------------------------------------------------
DROP TABLE IF EXISTS `ceiba_negra`.`bancos` ;

CREATE TABLE IF NOT EXISTS `ceiba_negra`.`bancos` (
  `id_banco` INT UNSIGNED NOT NULL AUTO_INCREMENT,
  `nombre` VARCHAR(45) NOT NULL,
  `cuenta` BIGINT UNSIGNED NOT NULL,
  `tarjeta` BIGINT(16) UNSIGNED NOT NULL,
  PRIMARY KEY (`id_banco`))
ENGINE = InnoDB;


-- -----------------------------------------------------
-- Table `ceiba_negra`.`pantillas_contrato`
-- -----------------------------------------------------
DROP TABLE IF EXISTS `ceiba_negra`.`pantillas_contrato` ;

CREATE TABLE IF NOT EXISTS `ceiba_negra`.`pantillas_contrato` (
  `id_plantilla_contrato` INT UNSIGNED NOT NULL AUTO_INCREMENT,
  `codigo` INT UNSIGNED NOT NULL,
  `contrato_html` TEXT NOT NULL,
  PRIMARY KEY (`id_plantilla_contrato`))
ENGINE = InnoDB
COMMENT = 'Datos repeditos\nFRANCISCO ENRIQUE MART칈NEZ CORDERO  {$cedente}\nNombre del cliente en mayusculas 	              {$cesionario}\nManzana y lotes			              {$manzana}\nColindancia			              {$colindancias}';

CREATE UNIQUE INDEX `codigo_UNIQUE` ON `ceiba_negra`.`pantillas_contrato` (`codigo` ASC);


-- -----------------------------------------------------
-- Table `ceiba_negra`.`ventas`
-- -----------------------------------------------------
DROP TABLE IF EXISTS `ceiba_negra`.`ventas` ;

CREATE TABLE IF NOT EXISTS `ceiba_negra`.`ventas` (
  `id_venta` INT UNSIGNED NOT NULL AUTO_INCREMENT,
  `id_usuario` INT UNSIGNED NOT NULL COMMENT 'Quien gener칩 el contrato en el sistema',
  `id_cliente` INT UNSIGNED NOT NULL,
  `precio` DOUBLE UNSIGNED NOT NULL COMMENT 'Total del terreno ejemplo: $54,000.00',
  `enganche` DOUBLE UNSIGNED NOT NULL COMMENT 'Cuanto es el primer pago, ejemplo $4,000.00',
  `pagos` DOUBLE UNSIGNED NOT NULL COMMENT 'Cuanto se deber치 pagar quincenal o mensualmente por el terreno ejemplo : $3,000',
  `n_pagos` INT UNSIGNED NOT NULL COMMENT 'Cantidad de pagos que se deber치n hacer para saldar el precio del terreno:\nSuponiendo que el precio es de : $54,000.00\n                           el enganche de:   $4,000.00\nY los pagos de $3,000.00\nTenemos n_pagos = (precio - enganche) / pagos',
  `plazo` ENUM('quincenal', 'mensual') NOT NULL COMMENT 'Como se realizar치n los pagos, quincenales o mensaules',
  `contrato` TEXT NOT NULL COMMENT 'Interpolar치 las variables de la plantilla del contrato y lo guardar치 para reportear.\n',
  `fecha_contrato` DATE NOT NULL,
  `insert_at` DATETIME NOT NULL DEFAULT CURRENT_TIMESTAMP,
  PRIMARY KEY (`id_venta`),
  CONSTRAINT `FK_Ventas_Clientes`
    FOREIGN KEY (`id_cliente`)
    REFERENCES `ceiba_negra`.`clientes` (`id_cliente`)
    ON DELETE NO ACTION
    ON UPDATE NO ACTION)
ENGINE = InnoDB
COMMENT = 'Se guarda lo real';

CREATE INDEX `FK_Ventas_Clientes_idx` ON `ceiba_negra`.`ventas` (`id_cliente` ASC);


-- -----------------------------------------------------
-- Table `ceiba_negra`.`lotes_venta`
-- -----------------------------------------------------
DROP TABLE IF EXISTS `ceiba_negra`.`lotes_venta` ;

CREATE TABLE IF NOT EXISTS `ceiba_negra`.`lotes_venta` (
  `id_lote_venta` INT UNSIGNED NOT NULL AUTO_INCREMENT,
  `id_lote` INT UNSIGNED NOT NULL,
  `id_venta` INT UNSIGNED NOT NULL,
  PRIMARY KEY (`id_lote_venta`),
  CONSTRAINT `FK_Lotes_venta_Lotes`
    FOREIGN KEY (`id_lote`)
    REFERENCES `ceiba_negra`.`lotes` (`id_lote`)
    ON DELETE NO ACTION
    ON UPDATE NO ACTION,
  CONSTRAINT `FK_Lotes_ventas_Ventas`
    FOREIGN KEY (`id_venta`)
    REFERENCES `ceiba_negra`.`ventas` (`id_venta`)
    ON DELETE NO ACTION
    ON UPDATE NO ACTION)
ENGINE = InnoDB;

CREATE INDEX `FK_Lotes_venta_Lotes_idx` ON `ceiba_negra`.`lotes_venta` (`id_lote` ASC);

CREATE INDEX `FK_Lotes_ventas_Ventas_idx` ON `ceiba_negra`.`lotes_venta` (`id_venta` ASC);


-- -----------------------------------------------------
-- Table `ceiba_negra`.`terreno`
-- -----------------------------------------------------
DROP TABLE IF EXISTS `ceiba_negra`.`terreno` ;

CREATE TABLE IF NOT EXISTS `ceiba_negra`.`terreno` (
  `id_terreno` INT UNSIGNED NOT NULL AUTO_INCREMENT,
  `nombre` VARCHAR(45) NOT NULL,
  `nombre_propietario` VARCHAR(45) NOT NULL,
  `apellidos_propietario` VARCHAR(45) NOT NULL,
  `col_norte` VARCHAR(45) NOT NULL,
  `col_sur` VARCHAR(45) NOT NULL,
  `col_este` VARCHAR(45) NOT NULL,
  `col_oeste` VARCHAR(45) NOT NULL,
  `hectaria` VARCHAR(45) NOT NULL,
  `area` VARCHAR(45) NOT NULL,
  `centiarea` VARCHAR(45) NOT NULL,
  PRIMARY KEY (`id_terreno`))
ENGINE = InnoDB
COMMENT = 'Puntos cardinales\nNorte, Sur, Este, Oeste\nNoreste,Noroeste,Sureste y Suroeste';


SET SQL_MODE=@OLD_SQL_MODE;
SET FOREIGN_KEY_CHECKS=@OLD_FOREIGN_KEY_CHECKS;
SET UNIQUE_CHECKS=@OLD_UNIQUE_CHECKS;

-- -----------------------------------------------------
-- Data for table `ceiba_negra`.`manzanas`
-- -----------------------------------------------------
START TRANSACTION;
USE `ceiba_negra`;
INSERT INTO `ceiba_negra`.`manzanas` (`id_manzana`, `manzana`, `calle`, `estado`) VALUES (1, 1, '', 1);
INSERT INTO `ceiba_negra`.`manzanas` (`id_manzana`, `manzana`, `calle`, `estado`) VALUES (2, 2, '', 1);
INSERT INTO `ceiba_negra`.`manzanas` (`id_manzana`, `manzana`, `calle`, `estado`) VALUES (3, 3, '', 1);
INSERT INTO `ceiba_negra`.`manzanas` (`id_manzana`, `manzana`, `calle`, `estado`) VALUES (4, 4, '', 1);
INSERT INTO `ceiba_negra`.`manzanas` (`id_manzana`, `manzana`, `calle`, `estado`) VALUES (5, 5, 'Palma de coco', 1);
INSERT INTO `ceiba_negra`.`manzanas` (`id_manzana`, `manzana`, `calle`, `estado`) VALUES (6, 6, 'Palma real', 1);
INSERT INTO `ceiba_negra`.`manzanas` (`id_manzana`, `manzana`, `calle`, `estado`) VALUES (7, 7, 'Palma plumosa', 1);
INSERT INTO `ceiba_negra`.`manzanas` (`id_manzana`, `manzana`, `calle`, `estado`) VALUES (8, 8, 'Palma de chiit', 1);
INSERT INTO `ceiba_negra`.`manzanas` (`id_manzana`, `manzana`, `calle`, `estado`) VALUES (9, 9, 'Palma de guano', 1);
INSERT INTO `ceiba_negra`.`manzanas` (`id_manzana`, `manzana`, `calle`, `estado`) VALUES (10, 10, 'Palma corozo', 1);
INSERT INTO `ceiba_negra`.`manzanas` (`id_manzana`, `manzana`, `calle`, `estado`) VALUES (11, 11, 'Akits', 1);
INSERT INTO `ceiba_negra`.`manzanas` (`id_manzana`, `manzana`, `calle`, `estado`) VALUES (12, 12, 'Balche', 1);
INSERT INTO `ceiba_negra`.`manzanas` (`id_manzana`, `manzana`, `calle`, `estado`) VALUES (13, 13, 'Chacah', 1);
INSERT INTO `ceiba_negra`.`manzanas` (`id_manzana`, `manzana`, `calle`, `estado`) VALUES (14, 14, 'Bambu', 1);
INSERT INTO `ceiba_negra`.`manzanas` (`id_manzana`, `manzana`, `calle`, `estado`) VALUES (15, 15, 'Palmera formosa', 1);
INSERT INTO `ceiba_negra`.`manzanas` (`id_manzana`, `manzana`, `calle`, `estado`) VALUES (16, 16, 'Palmera azul', 1);
INSERT INTO `ceiba_negra`.`manzanas` (`id_manzana`, `manzana`, `calle`, `estado`) VALUES (17, 17, 'Tagua', 1);
INSERT INTO `ceiba_negra`.`manzanas` (`id_manzana`, `manzana`, `calle`, `estado`) VALUES (18, 18, 'Quitasol', 1);
INSERT INTO `ceiba_negra`.`manzanas` (`id_manzana`, `manzana`, `calle`, `estado`) VALUES (19, 19, 'Palmera azucarera', 1);
INSERT INTO `ceiba_negra`.`manzanas` (`id_manzana`, `manzana`, `calle`, `estado`) VALUES (20, 20, 'Sendero la ceiba', 1);
INSERT INTO `ceiba_negra`.`manzanas` (`id_manzana`, `manzana`, `calle`, `estado`) VALUES (21, 21, '', 1);
INSERT INTO `ceiba_negra`.`manzanas` (`id_manzana`, `manzana`, `calle`, `estado`) VALUES (22, 22, '', 1);
INSERT INTO `ceiba_negra`.`manzanas` (`id_manzana`, `manzana`, `calle`, `estado`) VALUES (23, 23, '', 1);
INSERT INTO `ceiba_negra`.`manzanas` (`id_manzana`, `manzana`, `calle`, `estado`) VALUES (24, 24, '', 1);
INSERT INTO `ceiba_negra`.`manzanas` (`id_manzana`, `manzana`, `calle`, `estado`) VALUES (25, 25, '', 1);
INSERT INTO `ceiba_negra`.`manzanas` (`id_manzana`, `manzana`, `calle`, `estado`) VALUES (26, 26, '', 1);
INSERT INTO `ceiba_negra`.`manzanas` (`id_manzana`, `manzana`, `calle`, `estado`) VALUES (27, 27, '', 1);
INSERT INTO `ceiba_negra`.`manzanas` (`id_manzana`, `manzana`, `calle`, `estado`) VALUES (28, 28, '', 1);
INSERT INTO `ceiba_negra`.`manzanas` (`id_manzana`, `manzana`, `calle`, `estado`) VALUES (29, 29, '', 1);
INSERT INTO `ceiba_negra`.`manzanas` (`id_manzana`, `manzana`, `calle`, `estado`) VALUES (30, 30, '', 1);
INSERT INTO `ceiba_negra`.`manzanas` (`id_manzana`, `manzana`, `calle`, `estado`) VALUES (31, 31, '', 1);
INSERT INTO `ceiba_negra`.`manzanas` (`id_manzana`, `manzana`, `calle`, `estado`) VALUES (32, 32, '', 1);
INSERT INTO `ceiba_negra`.`manzanas` (`id_manzana`, `manzana`, `calle`, `estado`) VALUES (33, 33, '', 1);
INSERT INTO `ceiba_negra`.`manzanas` (`id_manzana`, `manzana`, `calle`, `estado`) VALUES (34, 34, '', 1);
INSERT INTO `ceiba_negra`.`manzanas` (`id_manzana`, `manzana`, `calle`, `estado`) VALUES (35, 35, '', 1);
INSERT INTO `ceiba_negra`.`manzanas` (`id_manzana`, `manzana`, `calle`, `estado`) VALUES (36, 36, '', 1);
INSERT INTO `ceiba_negra`.`manzanas` (`id_manzana`, `manzana`, `calle`, `estado`) VALUES (37, 37, '', 1);
INSERT INTO `ceiba_negra`.`manzanas` (`id_manzana`, `manzana`, `calle`, `estado`) VALUES (38, 38, '', 1);
INSERT INTO `ceiba_negra`.`manzanas` (`id_manzana`, `manzana`, `calle`, `estado`) VALUES (39, 39, '', 1);
INSERT INTO `ceiba_negra`.`manzanas` (`id_manzana`, `manzana`, `calle`, `estado`) VALUES (40, 40, '', 1);
INSERT INTO `ceiba_negra`.`manzanas` (`id_manzana`, `manzana`, `calle`, `estado`) VALUES (41, 41, '', 1);
INSERT INTO `ceiba_negra`.`manzanas` (`id_manzana`, `manzana`, `calle`, `estado`) VALUES (42, 42, '', 1);

COMMIT;


-- -----------------------------------------------------
-- Data for table `ceiba_negra`.`precios`
-- -----------------------------------------------------
START TRANSACTION;
USE `ceiba_negra`;
INSERT INTO `ceiba_negra`.`precios` (`id_precio`, `precio`, `enganche`, `pagos`) VALUES (1, 45000, 500, 500);
INSERT INTO `ceiba_negra`.`precios` (`id_precio`, `precio`, `enganche`, `pagos`) VALUES (2, 77000, 2000, 1500);
INSERT INTO `ceiba_negra`.`precios` (`id_precio`, `precio`, `enganche`, `pagos`) VALUES (3, 99000, 10000, 1500);

COMMIT;


-- -----------------------------------------------------
-- Data for table `ceiba_negra`.`lotes`
-- -----------------------------------------------------
START TRANSACTION;
USE `ceiba_negra`;
INSERT INTO `ceiba_negra`.`lotes` (`id_lote`, `id_manzana`, `lote`, `superficie`, `id_precio`, `vendido`, `col_norte`, `col_sur`, `col_este`, `col_oeste`, `x`, `y`) VALUES (1, 1, '1', 2500, 1, 0, '46.012 Mts. con Mz. 26 Huerto. 15 m硬 35.00 Mts. con Mz. 26 Huerto. 10', '45.468 Mts. con Mz. 26 Huerto. 13 m硬 35.00 Mts. con Mz. 26 Huerto. 12', '12.50 Mts. conMz. 27 Huerto. 12 ', '12.50 Mts. con sendero la ceiba', 0, 0);
INSERT INTO `ceiba_negra`.`lotes` (`id_lote`, `id_manzana`, `lote`, `superficie`, `id_precio`, `vendido`, `col_norte`, `col_sur`, `col_este`, `col_oeste`, `x`, `y`) VALUES (2, 1, '2', 2500, 1, 0, '46.012 Mts. con Mz. 26 Huerto. 15 m硬 35.00 Mts. con Mz. 26 Huerto. 11', '45.468 Mts. con Mz. 26 Huerto. 13 m硬 35.00 Mts. con Mz. 26 Huerto. 13', '12.50 Mts. conMz. 27 Huerto. 13', '12.50 Mts. con sendero la ceiba', 0, 0);
INSERT INTO `ceiba_negra`.`lotes` (`id_lote`, `id_manzana`, `lote`, `superficie`, `id_precio`, `vendido`, `col_norte`, `col_sur`, `col_este`, `col_oeste`, `x`, `y`) VALUES (3, 1, '3', 2500, 1, 0, '46.012 Mts. con Mz. 26 Huerto. 15 m硬 35.00 Mts. con Mz. 26 Huerto. 12', '45.468 Mts. con Mz. 26 Huerto. 13 m硬 35.00 Mts. con Mz. 26 Huerto. 14', '12.50 Mts. conMz. 27 Huerto. 14', '12.50 Mts. con sendero la ceiba', 0, 0);
INSERT INTO `ceiba_negra`.`lotes` (`id_lote`, `id_manzana`, `lote`, `superficie`, `id_precio`, `vendido`, `col_norte`, `col_sur`, `col_este`, `col_oeste`, `x`, `y`) VALUES (4, 1, '4', 2500, 1, 0, '46.012 Mts. con Mz. 26 Huerto. 15 m硬 35.00 Mts. con Mz. 26 Huerto. 13', '45.468 Mts. con Mz. 26 Huerto. 13 m硬 35.00 Mts. con Mz. 26 Huerto. 15', '12.50 Mts. conMz. 27 Huerto. 15', '12.50 Mts. con sendero la ceiba', 0, 0);
INSERT INTO `ceiba_negra`.`lotes` (`id_lote`, `id_manzana`, `lote`, `superficie`, `id_precio`, `vendido`, `col_norte`, `col_sur`, `col_este`, `col_oeste`, `x`, `y`) VALUES (5, 2, '1', 15000, 1, 0, '46.012 Mts. con Mz. 26 Huerto. 15 m硬 35.00 Mts. con Mz. 26 Huerto. 14', '45.468 Mts. con Mz. 26 Huerto. 13 m硬 35.00 Mts. con Mz. 26 Huerto. 16', '12.50 Mts. conMz. 27 Huerto. 16', '12.50 Mts. con sendero la ceiba', 0, 0);
INSERT INTO `ceiba_negra`.`lotes` (`id_lote`, `id_manzana`, `lote`, `superficie`, `id_precio`, `vendido`, `col_norte`, `col_sur`, `col_este`, `col_oeste`, `x`, `y`) VALUES (6, 2, '2', 312.5, 1, 0, '46.012 Mts. con Mz. 26 Huerto. 15 m硬 35.00 Mts. con Mz. 26 Huerto. 15', '45.468 Mts. con Mz. 26 Huerto. 13 m硬 35.00 Mts. con Mz. 26 Huerto. 17', '12.50 Mts. conMz. 27 Huerto. 17', '12.50 Mts. con sendero la ceiba', 0, 0);
INSERT INTO `ceiba_negra`.`lotes` (`id_lote`, `id_manzana`, `lote`, `superficie`, `id_precio`, `vendido`, `col_norte`, `col_sur`, `col_este`, `col_oeste`, `x`, `y`) VALUES (7, 2, '3', 312.5, 1, 0, '46.012 Mts. con Mz. 26 Huerto. 15 m硬 35.00 Mts. con Mz. 26 Huerto. 16', '45.468 Mts. con Mz. 26 Huerto. 13 m硬 35.00 Mts. con Mz. 26 Huerto. 18', '12.50 Mts. conMz. 27 Huerto. 18', '12.50 Mts. con sendero la ceiba', 0, 0);
INSERT INTO `ceiba_negra`.`lotes` (`id_lote`, `id_manzana`, `lote`, `superficie`, `id_precio`, `vendido`, `col_norte`, `col_sur`, `col_este`, `col_oeste`, `x`, `y`) VALUES (8, 2, '4', 312.5, 1, 0, '46.012 Mts. con Mz. 26 Huerto. 15 m硬 35.00 Mts. con Mz. 26 Huerto. 17', '45.468 Mts. con Mz. 26 Huerto. 13 m硬 35.00 Mts. con Mz. 26 Huerto. 19', '12.50 Mts. conMz. 27 Huerto. 19', '12.50 Mts. con sendero la ceiba', 0, 0);
INSERT INTO `ceiba_negra`.`lotes` (`id_lote`, `id_manzana`, `lote`, `superficie`, `id_precio`, `vendido`, `col_norte`, `col_sur`, `col_este`, `col_oeste`, `x`, `y`) VALUES (9, 2, '5', 312.5, 1, 0, '46.012 Mts. con Mz. 26 Huerto. 15 m硬 35.00 Mts. con Mz. 26 Huerto. 18', '45.468 Mts. con Mz. 26 Huerto. 13 m硬 35.00 Mts. con Mz. 26 Huerto. 20', '12.50 Mts. conMz. 27 Huerto. 20', '12.50 Mts. con sendero la ceiba', 0, 0);
INSERT INTO `ceiba_negra`.`lotes` (`id_lote`, `id_manzana`, `lote`, `superficie`, `id_precio`, `vendido`, `col_norte`, `col_sur`, `col_este`, `col_oeste`, `x`, `y`) VALUES (10, 2, '6', 312.5, 1, 0, '46.012 Mts. con Mz. 26 Huerto. 15 m硬 35.00 Mts. con Mz. 26 Huerto. 19', '45.468 Mts. con Mz. 26 Huerto. 13 m硬 35.00 Mts. con Mz. 26 Huerto. 21', '12.50 Mts. conMz. 27 Huerto. 21', '12.50 Mts. con sendero la ceiba', 0, 0);
INSERT INTO `ceiba_negra`.`lotes` (`id_lote`, `id_manzana`, `lote`, `superficie`, `id_precio`, `vendido`, `col_norte`, `col_sur`, `col_este`, `col_oeste`, `x`, `y`) VALUES (11, 2, '7', 312.5, 1, 0, '46.012 Mts. con Mz. 26 Huerto. 15 m硬 35.00 Mts. con Mz. 26 Huerto. 20', '45.468 Mts. con Mz. 26 Huerto. 13 m硬 35.00 Mts. con Mz. 26 Huerto. 22', '12.50 Mts. conMz. 27 Huerto. 22', '12.50 Mts. con sendero la ceiba', 0, 0);
INSERT INTO `ceiba_negra`.`lotes` (`id_lote`, `id_manzana`, `lote`, `superficie`, `id_precio`, `vendido`, `col_norte`, `col_sur`, `col_este`, `col_oeste`, `x`, `y`) VALUES (12, 2, '8', 312.5, 1, 0, '46.012 Mts. con Mz. 26 Huerto. 15 m硬 35.00 Mts. con Mz. 26 Huerto. 21', '45.468 Mts. con Mz. 26 Huerto. 13 m硬 35.00 Mts. con Mz. 26 Huerto. 23', '12.50 Mts. conMz. 27 Huerto. 23', '12.50 Mts. con sendero la ceiba', 0, 0);
INSERT INTO `ceiba_negra`.`lotes` (`id_lote`, `id_manzana`, `lote`, `superficie`, `id_precio`, `vendido`, `col_norte`, `col_sur`, `col_este`, `col_oeste`, `x`, `y`) VALUES (13, 2, '9', 312.5, 1, 0, '46.012 Mts. con Mz. 26 Huerto. 15 m硬 35.00 Mts. con Mz. 26 Huerto. 22', '45.468 Mts. con Mz. 26 Huerto. 13 m硬 35.00 Mts. con Mz. 26 Huerto. 24', '12.50 Mts. conMz. 27 Huerto. 24', '12.50 Mts. con sendero la ceiba', 0, 0);
INSERT INTO `ceiba_negra`.`lotes` (`id_lote`, `id_manzana`, `lote`, `superficie`, `id_precio`, `vendido`, `col_norte`, `col_sur`, `col_este`, `col_oeste`, `x`, `y`) VALUES (14, 2, '10', 312.5, 1, 0, '46.012 Mts. con Mz. 26 Huerto. 15 m硬 35.00 Mts. con Mz. 26 Huerto. 23', '45.468 Mts. con Mz. 26 Huerto. 13 m硬 35.00 Mts. con Mz. 26 Huerto. 25', '12.50 Mts. conMz. 27 Huerto. 25', '12.50 Mts. con sendero la ceiba', 0, 0);
INSERT INTO `ceiba_negra`.`lotes` (`id_lote`, `id_manzana`, `lote`, `superficie`, `id_precio`, `vendido`, `col_norte`, `col_sur`, `col_este`, `col_oeste`, `x`, `y`) VALUES (15, 2, '11', 312.5, 1, 0, '46.012 Mts. con Mz. 26 Huerto. 15 m硬 35.00 Mts. con Mz. 26 Huerto. 24', '45.468 Mts. con Mz. 26 Huerto. 13 m硬 35.00 Mts. con Mz. 26 Huerto. 26', '12.50 Mts. conMz. 27 Huerto. 26', '12.50 Mts. con sendero la ceiba', 0, 0);
INSERT INTO `ceiba_negra`.`lotes` (`id_lote`, `id_manzana`, `lote`, `superficie`, `id_precio`, `vendido`, `col_norte`, `col_sur`, `col_este`, `col_oeste`, `x`, `y`) VALUES (16, 2, '12', 312.5, 1, 0, '46.012 Mts. con Mz. 26 Huerto. 15 m硬 35.00 Mts. con Mz. 26 Huerto. 25', '45.468 Mts. con Mz. 26 Huerto. 13 m硬 35.00 Mts. con Mz. 26 Huerto. 27', '12.50 Mts. conMz. 27 Huerto. 27', '12.50 Mts. con sendero la ceiba', 0, 0);
INSERT INTO `ceiba_negra`.`lotes` (`id_lote`, `id_manzana`, `lote`, `superficie`, `id_precio`, `vendido`, `col_norte`, `col_sur`, `col_este`, `col_oeste`, `x`, `y`) VALUES (17, 2, '13', 312.5, 1, 0, '46.012 Mts. con Mz. 26 Huerto. 15 m硬 35.00 Mts. con Mz. 26 Huerto. 26', '45.468 Mts. con Mz. 26 Huerto. 13 m硬 35.00 Mts. con Mz. 26 Huerto. 28', '12.50 Mts. conMz. 27 Huerto. 28', '12.50 Mts. con sendero la ceiba', 0, 0);
INSERT INTO `ceiba_negra`.`lotes` (`id_lote`, `id_manzana`, `lote`, `superficie`, `id_precio`, `vendido`, `col_norte`, `col_sur`, `col_este`, `col_oeste`, `x`, `y`) VALUES (18, 2, '14', 312.5, 1, 0, '46.012 Mts. con Mz. 26 Huerto. 15 m硬 35.00 Mts. con Mz. 26 Huerto. 27', '45.468 Mts. con Mz. 26 Huerto. 13 m硬 35.00 Mts. con Mz. 26 Huerto. 29', '12.50 Mts. conMz. 27 Huerto. 29', '12.50 Mts. con sendero la ceiba', 0, 0);
INSERT INTO `ceiba_negra`.`lotes` (`id_lote`, `id_manzana`, `lote`, `superficie`, `id_precio`, `vendido`, `col_norte`, `col_sur`, `col_este`, `col_oeste`, `x`, `y`) VALUES (19, 2, '15', 312.5, 1, 0, '46.012 Mts. con Mz. 26 Huerto. 15 m硬 35.00 Mts. con Mz. 26 Huerto. 28', '45.468 Mts. con Mz. 26 Huerto. 13 m硬 35.00 Mts. con Mz. 26 Huerto. 30', '12.50 Mts. conMz. 27 Huerto. 30', '12.50 Mts. con sendero la ceiba', 0, 0);
INSERT INTO `ceiba_negra`.`lotes` (`id_lote`, `id_manzana`, `lote`, `superficie`, `id_precio`, `vendido`, `col_norte`, `col_sur`, `col_este`, `col_oeste`, `x`, `y`) VALUES (20, 2, '16', 312.5, 1, 0, '46.012 Mts. con Mz. 26 Huerto. 15 m硬 35.00 Mts. con Mz. 26 Huerto. 29', '45.468 Mts. con Mz. 26 Huerto. 13 m硬 35.00 Mts. con Mz. 26 Huerto. 31', '12.50 Mts. conMz. 27 Huerto. 31', '12.50 Mts. con sendero la ceiba', 0, 0);
INSERT INTO `ceiba_negra`.`lotes` (`id_lote`, `id_manzana`, `lote`, `superficie`, `id_precio`, `vendido`, `col_norte`, `col_sur`, `col_este`, `col_oeste`, `x`, `y`) VALUES (21, 2, '17', 312.5, 1, 0, '46.012 Mts. con Mz. 26 Huerto. 15 m硬 35.00 Mts. con Mz. 26 Huerto. 30', '45.468 Mts. con Mz. 26 Huerto. 13 m硬 35.00 Mts. con Mz. 26 Huerto. 32', '12.50 Mts. conMz. 27 Huerto. 32', '12.50 Mts. con sendero la ceiba', 0, 0);
INSERT INTO `ceiba_negra`.`lotes` (`id_lote`, `id_manzana`, `lote`, `superficie`, `id_precio`, `vendido`, `col_norte`, `col_sur`, `col_este`, `col_oeste`, `x`, `y`) VALUES (22, 3, '1', 15000, 1, 0, '46.012 Mts. con Mz. 26 Huerto. 15 m硬 35.00 Mts. con Mz. 26 Huerto. 31', '45.468 Mts. con Mz. 26 Huerto. 13 m硬 35.00 Mts. con Mz. 26 Huerto. 33', '12.50 Mts. conMz. 27 Huerto. 33', '12.50 Mts. con sendero la ceiba', 0, 0);
INSERT INTO `ceiba_negra`.`lotes` (`id_lote`, `id_manzana`, `lote`, `superficie`, `id_precio`, `vendido`, `col_norte`, `col_sur`, `col_este`, `col_oeste`, `x`, `y`) VALUES (23, 4, '1', 10000, 1, 0, '46.012 Mts. con Mz. 26 Huerto. 15 m硬 35.00 Mts. con Mz. 26 Huerto. 32', '45.468 Mts. con Mz. 26 Huerto. 13 m硬 35.00 Mts. con Mz. 26 Huerto. 34', '12.50 Mts. conMz. 27 Huerto. 34', '12.50 Mts. con sendero la ceiba', 0, 0);
INSERT INTO `ceiba_negra`.`lotes` (`id_lote`, `id_manzana`, `lote`, `superficie`, `id_precio`, `vendido`, `col_norte`, `col_sur`, `col_este`, `col_oeste`, `x`, `y`) VALUES (24, 5, '1', 312.5, 1, 0, '46.012 Mts. con Mz. 26 Huerto. 15 m硬 35.00 Mts. con Mz. 26 Huerto. 33', '45.468 Mts. con Mz. 26 Huerto. 13 m硬 35.00 Mts. con Mz. 26 Huerto. 35', '12.50 Mts. conMz. 27 Huerto. 35', '12.50 Mts. con sendero la ceiba', 0, 0);
INSERT INTO `ceiba_negra`.`lotes` (`id_lote`, `id_manzana`, `lote`, `superficie`, `id_precio`, `vendido`, `col_norte`, `col_sur`, `col_este`, `col_oeste`, `x`, `y`) VALUES (25, 5, '1A', 312.5, 1, 0, '46.012 Mts. con Mz. 26 Huerto. 15 m硬 35.00 Mts. con Mz. 26 Huerto. 34', '45.468 Mts. con Mz. 26 Huerto. 13 m硬 35.00 Mts. con Mz. 26 Huerto. 36', '12.50 Mts. conMz. 27 Huerto. 36', '12.50 Mts. con sendero la ceiba', 0, 0);
INSERT INTO `ceiba_negra`.`lotes` (`id_lote`, `id_manzana`, `lote`, `superficie`, `id_precio`, `vendido`, `col_norte`, `col_sur`, `col_este`, `col_oeste`, `x`, `y`) VALUES (26, 5, '2', 312.5, 1, 0, '46.012 Mts. con Mz. 26 Huerto. 15 m硬 35.00 Mts. con Mz. 26 Huerto. 35', '45.468 Mts. con Mz. 26 Huerto. 13 m硬 35.00 Mts. con Mz. 26 Huerto. 37', '12.50 Mts. conMz. 27 Huerto. 37', '12.50 Mts. con sendero la ceiba', 0, 0);
INSERT INTO `ceiba_negra`.`lotes` (`id_lote`, `id_manzana`, `lote`, `superficie`, `id_precio`, `vendido`, `col_norte`, `col_sur`, `col_este`, `col_oeste`, `x`, `y`) VALUES (27, 5, '2A', 312.5, 1, 0, '46.012 Mts. con Mz. 26 Huerto. 15 m硬 35.00 Mts. con Mz. 26 Huerto. 36', '45.468 Mts. con Mz. 26 Huerto. 13 m硬 35.00 Mts. con Mz. 26 Huerto. 38', '12.50 Mts. conMz. 27 Huerto. 38', '12.50 Mts. con sendero la ceiba', 0, 0);
INSERT INTO `ceiba_negra`.`lotes` (`id_lote`, `id_manzana`, `lote`, `superficie`, `id_precio`, `vendido`, `col_norte`, `col_sur`, `col_este`, `col_oeste`, `x`, `y`) VALUES (28, 5, '3', 312.5, 1, 0, '46.012 Mts. con Mz. 26 Huerto. 15 m硬 35.00 Mts. con Mz. 26 Huerto. 37', '45.468 Mts. con Mz. 26 Huerto. 13 m硬 35.00 Mts. con Mz. 26 Huerto. 39', '12.50 Mts. conMz. 27 Huerto. 39', '12.50 Mts. con sendero la ceiba', 0, 0);
INSERT INTO `ceiba_negra`.`lotes` (`id_lote`, `id_manzana`, `lote`, `superficie`, `id_precio`, `vendido`, `col_norte`, `col_sur`, `col_este`, `col_oeste`, `x`, `y`) VALUES (29, 5, '3A', 312.5, 1, 0, '46.012 Mts. con Mz. 26 Huerto. 15 m硬 35.00 Mts. con Mz. 26 Huerto. 38', '45.468 Mts. con Mz. 26 Huerto. 13 m硬 35.00 Mts. con Mz. 26 Huerto. 40', '12.50 Mts. conMz. 27 Huerto. 40', '12.50 Mts. con sendero la ceiba', 0, 0);
INSERT INTO `ceiba_negra`.`lotes` (`id_lote`, `id_manzana`, `lote`, `superficie`, `id_precio`, `vendido`, `col_norte`, `col_sur`, `col_este`, `col_oeste`, `x`, `y`) VALUES (30, 5, '4', 312.5, 1, 0, '46.012 Mts. con Mz. 26 Huerto. 15 m硬 35.00 Mts. con Mz. 26 Huerto. 39', '45.468 Mts. con Mz. 26 Huerto. 13 m硬 35.00 Mts. con Mz. 26 Huerto. 41', '12.50 Mts. conMz. 27 Huerto. 41', '12.50 Mts. con sendero la ceiba', 0, 0);
INSERT INTO `ceiba_negra`.`lotes` (`id_lote`, `id_manzana`, `lote`, `superficie`, `id_precio`, `vendido`, `col_norte`, `col_sur`, `col_este`, `col_oeste`, `x`, `y`) VALUES (31, 5, '4A', 312.5, 1, 0, '46.012 Mts. con Mz. 26 Huerto. 15 m硬 35.00 Mts. con Mz. 26 Huerto. 40', '45.468 Mts. con Mz. 26 Huerto. 13 m硬 35.00 Mts. con Mz. 26 Huerto. 42', '12.50 Mts. conMz. 27 Huerto. 42', '12.50 Mts. con sendero la ceiba', 0, 0);
INSERT INTO `ceiba_negra`.`lotes` (`id_lote`, `id_manzana`, `lote`, `superficie`, `id_precio`, `vendido`, `col_norte`, `col_sur`, `col_este`, `col_oeste`, `x`, `y`) VALUES (32, 5, '5', 312.5, 1, 0, '46.012 Mts. con Mz. 26 Huerto. 15 m硬 35.00 Mts. con Mz. 26 Huerto. 41', '45.468 Mts. con Mz. 26 Huerto. 13 m硬 35.00 Mts. con Mz. 26 Huerto. 43', '12.50 Mts. conMz. 27 Huerto. 43', '12.50 Mts. con sendero la ceiba', 0, 0);
INSERT INTO `ceiba_negra`.`lotes` (`id_lote`, `id_manzana`, `lote`, `superficie`, `id_precio`, `vendido`, `col_norte`, `col_sur`, `col_este`, `col_oeste`, `x`, `y`) VALUES (33, 5, '5A', 312.5, 1, 0, '46.012 Mts. con Mz. 26 Huerto. 15 m硬 35.00 Mts. con Mz. 26 Huerto. 42', '45.468 Mts. con Mz. 26 Huerto. 13 m硬 35.00 Mts. con Mz. 26 Huerto. 44', '12.50 Mts. conMz. 27 Huerto. 44', '12.50 Mts. con sendero la ceiba', 0, 0);
INSERT INTO `ceiba_negra`.`lotes` (`id_lote`, `id_manzana`, `lote`, `superficie`, `id_precio`, `vendido`, `col_norte`, `col_sur`, `col_este`, `col_oeste`, `x`, `y`) VALUES (34, 5, '6', 312.5, 1, 0, '46.012 Mts. con Mz. 26 Huerto. 15 m硬 35.00 Mts. con Mz. 26 Huerto. 43', '45.468 Mts. con Mz. 26 Huerto. 13 m硬 35.00 Mts. con Mz. 26 Huerto. 45', '12.50 Mts. conMz. 27 Huerto. 45', '12.50 Mts. con sendero la ceiba', 0, 0);
INSERT INTO `ceiba_negra`.`lotes` (`id_lote`, `id_manzana`, `lote`, `superficie`, `id_precio`, `vendido`, `col_norte`, `col_sur`, `col_este`, `col_oeste`, `x`, `y`) VALUES (35, 5, '6A', 312.5, 1, 0, '46.012 Mts. con Mz. 26 Huerto. 15 m硬 35.00 Mts. con Mz. 26 Huerto. 44', '45.468 Mts. con Mz. 26 Huerto. 13 m硬 35.00 Mts. con Mz. 26 Huerto. 46', '12.50 Mts. conMz. 27 Huerto. 46', '12.50 Mts. con sendero la ceiba', 0, 0);
INSERT INTO `ceiba_negra`.`lotes` (`id_lote`, `id_manzana`, `lote`, `superficie`, `id_precio`, `vendido`, `col_norte`, `col_sur`, `col_este`, `col_oeste`, `x`, `y`) VALUES (36, 5, '7', 312.5, 1, 0, '46.012 Mts. con Mz. 26 Huerto. 15 m硬 35.00 Mts. con Mz. 26 Huerto. 45', '45.468 Mts. con Mz. 26 Huerto. 13 m硬 35.00 Mts. con Mz. 26 Huerto. 47', '12.50 Mts. conMz. 27 Huerto. 47', '12.50 Mts. con sendero la ceiba', 0, 0);
INSERT INTO `ceiba_negra`.`lotes` (`id_lote`, `id_manzana`, `lote`, `superficie`, `id_precio`, `vendido`, `col_norte`, `col_sur`, `col_este`, `col_oeste`, `x`, `y`) VALUES (37, 5, '7A', 312.5, 1, 0, '46.012 Mts. con Mz. 26 Huerto. 15 m硬 35.00 Mts. con Mz. 26 Huerto. 46', '45.468 Mts. con Mz. 26 Huerto. 13 m硬 35.00 Mts. con Mz. 26 Huerto. 48', '12.50 Mts. conMz. 27 Huerto. 48', '12.50 Mts. con sendero la ceiba', 0, 0);
INSERT INTO `ceiba_negra`.`lotes` (`id_lote`, `id_manzana`, `lote`, `superficie`, `id_precio`, `vendido`, `col_norte`, `col_sur`, `col_este`, `col_oeste`, `x`, `y`) VALUES (38, 5, '8', 312.5, 1, 0, '46.012 Mts. con Mz. 26 Huerto. 15 m硬 35.00 Mts. con Mz. 26 Huerto. 47', '45.468 Mts. con Mz. 26 Huerto. 13 m硬 35.00 Mts. con Mz. 26 Huerto. 49', '12.50 Mts. conMz. 27 Huerto. 49', '12.50 Mts. con sendero la ceiba', 0, 0);
INSERT INTO `ceiba_negra`.`lotes` (`id_lote`, `id_manzana`, `lote`, `superficie`, `id_precio`, `vendido`, `col_norte`, `col_sur`, `col_este`, `col_oeste`, `x`, `y`) VALUES (39, 5, '8A', 312.5, 1, 0, '46.012 Mts. con Mz. 26 Huerto. 15 m硬 35.00 Mts. con Mz. 26 Huerto. 48', '45.468 Mts. con Mz. 26 Huerto. 13 m硬 35.00 Mts. con Mz. 26 Huerto. 50', '12.50 Mts. conMz. 27 Huerto. 50', '12.50 Mts. con sendero la ceiba', 0, 0);
INSERT INTO `ceiba_negra`.`lotes` (`id_lote`, `id_manzana`, `lote`, `superficie`, `id_precio`, `vendido`, `col_norte`, `col_sur`, `col_este`, `col_oeste`, `x`, `y`) VALUES (40, 5, '9', 312.5, 1, 0, '46.012 Mts. con Mz. 26 Huerto. 15 m硬 35.00 Mts. con Mz. 26 Huerto. 49', '45.468 Mts. con Mz. 26 Huerto. 13 m硬 35.00 Mts. con Mz. 26 Huerto. 51', '12.50 Mts. conMz. 27 Huerto. 51', '12.50 Mts. con sendero la ceiba', 0, 0);
INSERT INTO `ceiba_negra`.`lotes` (`id_lote`, `id_manzana`, `lote`, `superficie`, `id_precio`, `vendido`, `col_norte`, `col_sur`, `col_este`, `col_oeste`, `x`, `y`) VALUES (41, 5, '9A', 312.5, 1, 0, '46.012 Mts. con Mz. 26 Huerto. 15 m硬 35.00 Mts. con Mz. 26 Huerto. 50', '45.468 Mts. con Mz. 26 Huerto. 13 m硬 35.00 Mts. con Mz. 26 Huerto. 52', '12.50 Mts. conMz. 27 Huerto. 52', '12.50 Mts. con sendero la ceiba', 0, 0);
INSERT INTO `ceiba_negra`.`lotes` (`id_lote`, `id_manzana`, `lote`, `superficie`, `id_precio`, `vendido`, `col_norte`, `col_sur`, `col_este`, `col_oeste`, `x`, `y`) VALUES (42, 5, '10', 312.5, 1, 0, '46.012 Mts. con Mz. 26 Huerto. 15 m硬 35.00 Mts. con Mz. 26 Huerto. 51', '45.468 Mts. con Mz. 26 Huerto. 13 m硬 35.00 Mts. con Mz. 26 Huerto. 53', '12.50 Mts. conMz. 27 Huerto. 53', '12.50 Mts. con sendero la ceiba', 0, 0);
INSERT INTO `ceiba_negra`.`lotes` (`id_lote`, `id_manzana`, `lote`, `superficie`, `id_precio`, `vendido`, `col_norte`, `col_sur`, `col_este`, `col_oeste`, `x`, `y`) VALUES (43, 5, '10A', 312.5, 1, 0, '46.012 Mts. con Mz. 26 Huerto. 15 m硬 35.00 Mts. con Mz. 26 Huerto. 52', '45.468 Mts. con Mz. 26 Huerto. 13 m硬 35.00 Mts. con Mz. 26 Huerto. 54', '12.50 Mts. conMz. 27 Huerto. 54', '12.50 Mts. con sendero la ceiba', 0, 0);
INSERT INTO `ceiba_negra`.`lotes` (`id_lote`, `id_manzana`, `lote`, `superficie`, `id_precio`, `vendido`, `col_norte`, `col_sur`, `col_este`, `col_oeste`, `x`, `y`) VALUES (44, 6, '1', 312.5, 1, 0, '46.012 Mts. con Mz. 26 Huerto. 15 m硬 35.00 Mts. con Mz. 26 Huerto. 53', '45.468 Mts. con Mz. 26 Huerto. 13 m硬 35.00 Mts. con Mz. 26 Huerto. 55', '12.50 Mts. conMz. 27 Huerto. 55', '12.50 Mts. con sendero la ceiba', 0, 0);
INSERT INTO `ceiba_negra`.`lotes` (`id_lote`, `id_manzana`, `lote`, `superficie`, `id_precio`, `vendido`, `col_norte`, `col_sur`, `col_este`, `col_oeste`, `x`, `y`) VALUES (45, 6, '1A', 312.5, 1, 0, '46.012 Mts. con Mz. 26 Huerto. 15 m硬 35.00 Mts. con Mz. 26 Huerto. 54', '45.468 Mts. con Mz. 26 Huerto. 13 m硬 35.00 Mts. con Mz. 26 Huerto. 56', '12.50 Mts. conMz. 27 Huerto. 56', '12.50 Mts. con sendero la ceiba', 0, 0);
INSERT INTO `ceiba_negra`.`lotes` (`id_lote`, `id_manzana`, `lote`, `superficie`, `id_precio`, `vendido`, `col_norte`, `col_sur`, `col_este`, `col_oeste`, `x`, `y`) VALUES (46, 6, '2', 312.5, 1, 1, '46.012 Mts. con Mz. 26 Huerto. 15 m硬 35.00 Mts. con Mz. 26 Huerto. 55', '45.468 Mts. con Mz. 26 Huerto. 13 m硬 35.00 Mts. con Mz. 26 Huerto. 57', '12.50 Mts. conMz. 27 Huerto. 57', '12.50 Mts. con sendero la ceiba', 0, 0);
INSERT INTO `ceiba_negra`.`lotes` (`id_lote`, `id_manzana`, `lote`, `superficie`, `id_precio`, `vendido`, `col_norte`, `col_sur`, `col_este`, `col_oeste`, `x`, `y`) VALUES (47, 6, '2A', 312.5, 1, 1, '46.012 Mts. con Mz. 26 Huerto. 15 m硬 35.00 Mts. con Mz. 26 Huerto. 56', '45.468 Mts. con Mz. 26 Huerto. 13 m硬 35.00 Mts. con Mz. 26 Huerto. 58', '12.50 Mts. conMz. 27 Huerto. 58', '12.50 Mts. con sendero la ceiba', 0, 0);
INSERT INTO `ceiba_negra`.`lotes` (`id_lote`, `id_manzana`, `lote`, `superficie`, `id_precio`, `vendido`, `col_norte`, `col_sur`, `col_este`, `col_oeste`, `x`, `y`) VALUES (48, 6, '3', 312.5, 1, 0, '46.012 Mts. con Mz. 26 Huerto. 15 m硬 35.00 Mts. con Mz. 26 Huerto. 57', '45.468 Mts. con Mz. 26 Huerto. 13 m硬 35.00 Mts. con Mz. 26 Huerto. 59', '12.50 Mts. conMz. 27 Huerto. 59', '12.50 Mts. con sendero la ceiba', 0, 0);
INSERT INTO `ceiba_negra`.`lotes` (`id_lote`, `id_manzana`, `lote`, `superficie`, `id_precio`, `vendido`, `col_norte`, `col_sur`, `col_este`, `col_oeste`, `x`, `y`) VALUES (49, 6, '3A', 312.5, 1, 0, '46.012 Mts. con Mz. 26 Huerto. 15 m硬 35.00 Mts. con Mz. 26 Huerto. 58', '45.468 Mts. con Mz. 26 Huerto. 13 m硬 35.00 Mts. con Mz. 26 Huerto. 60', '12.50 Mts. conMz. 27 Huerto. 60', '12.50 Mts. con sendero la ceiba', 0, 0);
INSERT INTO `ceiba_negra`.`lotes` (`id_lote`, `id_manzana`, `lote`, `superficie`, `id_precio`, `vendido`, `col_norte`, `col_sur`, `col_este`, `col_oeste`, `x`, `y`) VALUES (50, 6, '4', 312.5, 1, 0, '46.012 Mts. con Mz. 26 Huerto. 15 m硬 35.00 Mts. con Mz. 26 Huerto. 59', '45.468 Mts. con Mz. 26 Huerto. 13 m硬 35.00 Mts. con Mz. 26 Huerto. 61', '12.50 Mts. conMz. 27 Huerto. 61', '12.50 Mts. con sendero la ceiba', 0, 0);
INSERT INTO `ceiba_negra`.`lotes` (`id_lote`, `id_manzana`, `lote`, `superficie`, `id_precio`, `vendido`, `col_norte`, `col_sur`, `col_este`, `col_oeste`, `x`, `y`) VALUES (51, 6, '4A', 312.5, 1, 0, '46.012 Mts. con Mz. 26 Huerto. 15 m硬 35.00 Mts. con Mz. 26 Huerto. 60', '45.468 Mts. con Mz. 26 Huerto. 13 m硬 35.00 Mts. con Mz. 26 Huerto. 62', '12.50 Mts. conMz. 27 Huerto. 62', '12.50 Mts. con sendero la ceiba', 0, 0);
INSERT INTO `ceiba_negra`.`lotes` (`id_lote`, `id_manzana`, `lote`, `superficie`, `id_precio`, `vendido`, `col_norte`, `col_sur`, `col_este`, `col_oeste`, `x`, `y`) VALUES (52, 6, '5', 312.5, 1, 0, '46.012 Mts. con Mz. 26 Huerto. 15 m硬 35.00 Mts. con Mz. 26 Huerto. 61', '45.468 Mts. con Mz. 26 Huerto. 13 m硬 35.00 Mts. con Mz. 26 Huerto. 63', '12.50 Mts. conMz. 27 Huerto. 63', '12.50 Mts. con sendero la ceiba', 0, 0);
INSERT INTO `ceiba_negra`.`lotes` (`id_lote`, `id_manzana`, `lote`, `superficie`, `id_precio`, `vendido`, `col_norte`, `col_sur`, `col_este`, `col_oeste`, `x`, `y`) VALUES (53, 6, '5A', 312.5, 1, 0, '46.012 Mts. con Mz. 26 Huerto. 15 m硬 35.00 Mts. con Mz. 26 Huerto. 62', '45.468 Mts. con Mz. 26 Huerto. 13 m硬 35.00 Mts. con Mz. 26 Huerto. 64', '12.50 Mts. conMz. 27 Huerto. 64', '12.50 Mts. con sendero la ceiba', 0, 0);
INSERT INTO `ceiba_negra`.`lotes` (`id_lote`, `id_manzana`, `lote`, `superficie`, `id_precio`, `vendido`, `col_norte`, `col_sur`, `col_este`, `col_oeste`, `x`, `y`) VALUES (54, 6, '6', 312.5, 1, 0, '46.012 Mts. con Mz. 26 Huerto. 15 m硬 35.00 Mts. con Mz. 26 Huerto. 63', '45.468 Mts. con Mz. 26 Huerto. 13 m硬 35.00 Mts. con Mz. 26 Huerto. 65', '12.50 Mts. conMz. 27 Huerto. 65', '12.50 Mts. con sendero la ceiba', 0, 0);
INSERT INTO `ceiba_negra`.`lotes` (`id_lote`, `id_manzana`, `lote`, `superficie`, `id_precio`, `vendido`, `col_norte`, `col_sur`, `col_este`, `col_oeste`, `x`, `y`) VALUES (55, 6, '6A', 312.5, 1, 0, '46.012 Mts. con Mz. 26 Huerto. 15 m硬 35.00 Mts. con Mz. 26 Huerto. 64', '45.468 Mts. con Mz. 26 Huerto. 13 m硬 35.00 Mts. con Mz. 26 Huerto. 66', '12.50 Mts. conMz. 27 Huerto. 66', '12.50 Mts. con sendero la ceiba', 0, 0);
INSERT INTO `ceiba_negra`.`lotes` (`id_lote`, `id_manzana`, `lote`, `superficie`, `id_precio`, `vendido`, `col_norte`, `col_sur`, `col_este`, `col_oeste`, `x`, `y`) VALUES (56, 6, '7', 312.5, 1, 0, '46.012 Mts. con Mz. 26 Huerto. 15 m硬 35.00 Mts. con Mz. 26 Huerto. 65', '45.468 Mts. con Mz. 26 Huerto. 13 m硬 35.00 Mts. con Mz. 26 Huerto. 67', '12.50 Mts. conMz. 27 Huerto. 67', '12.50 Mts. con sendero la ceiba', 0, 0);
INSERT INTO `ceiba_negra`.`lotes` (`id_lote`, `id_manzana`, `lote`, `superficie`, `id_precio`, `vendido`, `col_norte`, `col_sur`, `col_este`, `col_oeste`, `x`, `y`) VALUES (57, 6, '7A', 312.5, 1, 0, '46.012 Mts. con Mz. 26 Huerto. 15 m硬 35.00 Mts. con Mz. 26 Huerto. 66', '45.468 Mts. con Mz. 26 Huerto. 13 m硬 35.00 Mts. con Mz. 26 Huerto. 68', '12.50 Mts. conMz. 27 Huerto. 68', '12.50 Mts. con sendero la ceiba', 0, 0);
INSERT INTO `ceiba_negra`.`lotes` (`id_lote`, `id_manzana`, `lote`, `superficie`, `id_precio`, `vendido`, `col_norte`, `col_sur`, `col_este`, `col_oeste`, `x`, `y`) VALUES (58, 6, '8', 312.5, 1, 0, '46.012 Mts. con Mz. 26 Huerto. 15 m硬 35.00 Mts. con Mz. 26 Huerto. 67', '45.468 Mts. con Mz. 26 Huerto. 13 m硬 35.00 Mts. con Mz. 26 Huerto. 69', '12.50 Mts. conMz. 27 Huerto. 69', '12.50 Mts. con sendero la ceiba', 0, 0);
INSERT INTO `ceiba_negra`.`lotes` (`id_lote`, `id_manzana`, `lote`, `superficie`, `id_precio`, `vendido`, `col_norte`, `col_sur`, `col_este`, `col_oeste`, `x`, `y`) VALUES (59, 6, '8A', 312.5, 1, 0, '46.012 Mts. con Mz. 26 Huerto. 15 m硬 35.00 Mts. con Mz. 26 Huerto. 68', '45.468 Mts. con Mz. 26 Huerto. 13 m硬 35.00 Mts. con Mz. 26 Huerto. 70', '12.50 Mts. conMz. 27 Huerto. 70', '12.50 Mts. con sendero la ceiba', 0, 0);
INSERT INTO `ceiba_negra`.`lotes` (`id_lote`, `id_manzana`, `lote`, `superficie`, `id_precio`, `vendido`, `col_norte`, `col_sur`, `col_este`, `col_oeste`, `x`, `y`) VALUES (60, 6, '9', 312.5, 1, 0, '46.012 Mts. con Mz. 26 Huerto. 15 m硬 35.00 Mts. con Mz. 26 Huerto. 69', '45.468 Mts. con Mz. 26 Huerto. 13 m硬 35.00 Mts. con Mz. 26 Huerto. 71', '12.50 Mts. conMz. 27 Huerto. 71', '12.50 Mts. con sendero la ceiba', 0, 0);
INSERT INTO `ceiba_negra`.`lotes` (`id_lote`, `id_manzana`, `lote`, `superficie`, `id_precio`, `vendido`, `col_norte`, `col_sur`, `col_este`, `col_oeste`, `x`, `y`) VALUES (61, 6, '9A', 312.5, 1, 0, '46.012 Mts. con Mz. 26 Huerto. 15 m硬 35.00 Mts. con Mz. 26 Huerto. 70', '45.468 Mts. con Mz. 26 Huerto. 13 m硬 35.00 Mts. con Mz. 26 Huerto. 72', '12.50 Mts. conMz. 27 Huerto. 72', '12.50 Mts. con sendero la ceiba', 0, 0);
INSERT INTO `ceiba_negra`.`lotes` (`id_lote`, `id_manzana`, `lote`, `superficie`, `id_precio`, `vendido`, `col_norte`, `col_sur`, `col_este`, `col_oeste`, `x`, `y`) VALUES (62, 6, '10', 312.5, 1, 0, '46.012 Mts. con Mz. 26 Huerto. 15 m硬 35.00 Mts. con Mz. 26 Huerto. 71', '45.468 Mts. con Mz. 26 Huerto. 13 m硬 35.00 Mts. con Mz. 26 Huerto. 73', '12.50 Mts. conMz. 27 Huerto. 73', '12.50 Mts. con sendero la ceiba', 0, 0);
INSERT INTO `ceiba_negra`.`lotes` (`id_lote`, `id_manzana`, `lote`, `superficie`, `id_precio`, `vendido`, `col_norte`, `col_sur`, `col_este`, `col_oeste`, `x`, `y`) VALUES (63, 6, '10A', 312.5, 1, 0, '46.012 Mts. con Mz. 26 Huerto. 15 m硬 35.00 Mts. con Mz. 26 Huerto. 72', '45.468 Mts. con Mz. 26 Huerto. 13 m硬 35.00 Mts. con Mz. 26 Huerto. 74', '12.50 Mts. conMz. 27 Huerto. 74', '12.50 Mts. con sendero la ceiba', 0, 0);
INSERT INTO `ceiba_negra`.`lotes` (`id_lote`, `id_manzana`, `lote`, `superficie`, `id_precio`, `vendido`, `col_norte`, `col_sur`, `col_este`, `col_oeste`, `x`, `y`) VALUES (64, 7, '1', 312.5, 1, 0, '46.012 Mts. con Mz. 26 Huerto. 15 m硬 35.00 Mts. con Mz. 26 Huerto. 73', '45.468 Mts. con Mz. 26 Huerto. 13 m硬 35.00 Mts. con Mz. 26 Huerto. 75', '12.50 Mts. conMz. 27 Huerto. 75', '12.50 Mts. con sendero la ceiba', 0, 0);
INSERT INTO `ceiba_negra`.`lotes` (`id_lote`, `id_manzana`, `lote`, `superficie`, `id_precio`, `vendido`, `col_norte`, `col_sur`, `col_este`, `col_oeste`, `x`, `y`) VALUES (65, 7, '1A', 312.5, 1, 0, '46.012 Mts. con Mz. 26 Huerto. 15 m硬 35.00 Mts. con Mz. 26 Huerto. 74', '45.468 Mts. con Mz. 26 Huerto. 13 m硬 35.00 Mts. con Mz. 26 Huerto. 76', '12.50 Mts. conMz. 27 Huerto. 76', '12.50 Mts. con sendero la ceiba', 0, 0);
INSERT INTO `ceiba_negra`.`lotes` (`id_lote`, `id_manzana`, `lote`, `superficie`, `id_precio`, `vendido`, `col_norte`, `col_sur`, `col_este`, `col_oeste`, `x`, `y`) VALUES (66, 7, '2', 312.5, 1, 0, '46.012 Mts. con Mz. 26 Huerto. 15 m硬 35.00 Mts. con Mz. 26 Huerto. 75', '45.468 Mts. con Mz. 26 Huerto. 13 m硬 35.00 Mts. con Mz. 26 Huerto. 77', '12.50 Mts. conMz. 27 Huerto. 77', '12.50 Mts. con sendero la ceiba', 0, 0);
INSERT INTO `ceiba_negra`.`lotes` (`id_lote`, `id_manzana`, `lote`, `superficie`, `id_precio`, `vendido`, `col_norte`, `col_sur`, `col_este`, `col_oeste`, `x`, `y`) VALUES (67, 7, '2A', 312.5, 1, 0, '46.012 Mts. con Mz. 26 Huerto. 15 m硬 35.00 Mts. con Mz. 26 Huerto. 76', '45.468 Mts. con Mz. 26 Huerto. 13 m硬 35.00 Mts. con Mz. 26 Huerto. 78', '12.50 Mts. conMz. 27 Huerto. 78', '12.50 Mts. con sendero la ceiba', 0, 0);
INSERT INTO `ceiba_negra`.`lotes` (`id_lote`, `id_manzana`, `lote`, `superficie`, `id_precio`, `vendido`, `col_norte`, `col_sur`, `col_este`, `col_oeste`, `x`, `y`) VALUES (68, 7, '3', 312.5, 1, 0, '46.012 Mts. con Mz. 26 Huerto. 15 m硬 35.00 Mts. con Mz. 26 Huerto. 77', '45.468 Mts. con Mz. 26 Huerto. 13 m硬 35.00 Mts. con Mz. 26 Huerto. 79', '12.50 Mts. conMz. 27 Huerto. 79', '12.50 Mts. con sendero la ceiba', 0, 0);
INSERT INTO `ceiba_negra`.`lotes` (`id_lote`, `id_manzana`, `lote`, `superficie`, `id_precio`, `vendido`, `col_norte`, `col_sur`, `col_este`, `col_oeste`, `x`, `y`) VALUES (69, 7, '3A', 312.5, 1, 0, '46.012 Mts. con Mz. 26 Huerto. 15 m硬 35.00 Mts. con Mz. 26 Huerto. 78', '45.468 Mts. con Mz. 26 Huerto. 13 m硬 35.00 Mts. con Mz. 26 Huerto. 80', '12.50 Mts. conMz. 27 Huerto. 80', '12.50 Mts. con sendero la ceiba', 0, 0);
INSERT INTO `ceiba_negra`.`lotes` (`id_lote`, `id_manzana`, `lote`, `superficie`, `id_precio`, `vendido`, `col_norte`, `col_sur`, `col_este`, `col_oeste`, `x`, `y`) VALUES (70, 7, '4', 312.5, 1, 0, '46.012 Mts. con Mz. 26 Huerto. 15 m硬 35.00 Mts. con Mz. 26 Huerto. 79', '45.468 Mts. con Mz. 26 Huerto. 13 m硬 35.00 Mts. con Mz. 26 Huerto. 81', '12.50 Mts. conMz. 27 Huerto. 81', '12.50 Mts. con sendero la ceiba', 0, 0);
INSERT INTO `ceiba_negra`.`lotes` (`id_lote`, `id_manzana`, `lote`, `superficie`, `id_precio`, `vendido`, `col_norte`, `col_sur`, `col_este`, `col_oeste`, `x`, `y`) VALUES (71, 7, '4A', 312.5, 1, 0, '46.012 Mts. con Mz. 26 Huerto. 15 m硬 35.00 Mts. con Mz. 26 Huerto. 80', '45.468 Mts. con Mz. 26 Huerto. 13 m硬 35.00 Mts. con Mz. 26 Huerto. 82', '12.50 Mts. conMz. 27 Huerto. 82', '12.50 Mts. con sendero la ceiba', 0, 0);
INSERT INTO `ceiba_negra`.`lotes` (`id_lote`, `id_manzana`, `lote`, `superficie`, `id_precio`, `vendido`, `col_norte`, `col_sur`, `col_este`, `col_oeste`, `x`, `y`) VALUES (72, 7, '5', 312.5, 1, 0, '46.012 Mts. con Mz. 26 Huerto. 15 m硬 35.00 Mts. con Mz. 26 Huerto. 81', '45.468 Mts. con Mz. 26 Huerto. 13 m硬 35.00 Mts. con Mz. 26 Huerto. 83', '12.50 Mts. conMz. 27 Huerto. 83', '12.50 Mts. con sendero la ceiba', 0, 0);
INSERT INTO `ceiba_negra`.`lotes` (`id_lote`, `id_manzana`, `lote`, `superficie`, `id_precio`, `vendido`, `col_norte`, `col_sur`, `col_este`, `col_oeste`, `x`, `y`) VALUES (73, 7, '5A', 312.5, 1, 0, '46.012 Mts. con Mz. 26 Huerto. 15 m硬 35.00 Mts. con Mz. 26 Huerto. 82', '45.468 Mts. con Mz. 26 Huerto. 13 m硬 35.00 Mts. con Mz. 26 Huerto. 84', '12.50 Mts. conMz. 27 Huerto. 84', '12.50 Mts. con sendero la ceiba', 0, 0);
INSERT INTO `ceiba_negra`.`lotes` (`id_lote`, `id_manzana`, `lote`, `superficie`, `id_precio`, `vendido`, `col_norte`, `col_sur`, `col_este`, `col_oeste`, `x`, `y`) VALUES (74, 7, '6', 312.5, 1, 0, '46.012 Mts. con Mz. 26 Huerto. 15 m硬 35.00 Mts. con Mz. 26 Huerto. 83', '45.468 Mts. con Mz. 26 Huerto. 13 m硬 35.00 Mts. con Mz. 26 Huerto. 85', '12.50 Mts. conMz. 27 Huerto. 85', '12.50 Mts. con sendero la ceiba', 0, 0);
INSERT INTO `ceiba_negra`.`lotes` (`id_lote`, `id_manzana`, `lote`, `superficie`, `id_precio`, `vendido`, `col_norte`, `col_sur`, `col_este`, `col_oeste`, `x`, `y`) VALUES (75, 7, '6A', 312.5, 1, 0, '46.012 Mts. con Mz. 26 Huerto. 15 m硬 35.00 Mts. con Mz. 26 Huerto. 84', '45.468 Mts. con Mz. 26 Huerto. 13 m硬 35.00 Mts. con Mz. 26 Huerto. 86', '12.50 Mts. conMz. 27 Huerto. 86', '12.50 Mts. con sendero la ceiba', 0, 0);
INSERT INTO `ceiba_negra`.`lotes` (`id_lote`, `id_manzana`, `lote`, `superficie`, `id_precio`, `vendido`, `col_norte`, `col_sur`, `col_este`, `col_oeste`, `x`, `y`) VALUES (76, 7, '7', 312.5, 1, 0, '46.012 Mts. con Mz. 26 Huerto. 15 m硬 35.00 Mts. con Mz. 26 Huerto. 85', '45.468 Mts. con Mz. 26 Huerto. 13 m硬 35.00 Mts. con Mz. 26 Huerto. 87', '12.50 Mts. conMz. 27 Huerto. 87', '12.50 Mts. con sendero la ceiba', 0, 0);
INSERT INTO `ceiba_negra`.`lotes` (`id_lote`, `id_manzana`, `lote`, `superficie`, `id_precio`, `vendido`, `col_norte`, `col_sur`, `col_este`, `col_oeste`, `x`, `y`) VALUES (77, 7, '7A', 312.5, 1, 0, '46.012 Mts. con Mz. 26 Huerto. 15 m硬 35.00 Mts. con Mz. 26 Huerto. 86', '45.468 Mts. con Mz. 26 Huerto. 13 m硬 35.00 Mts. con Mz. 26 Huerto. 88', '12.50 Mts. conMz. 27 Huerto. 88', '12.50 Mts. con sendero la ceiba', 0, 0);
INSERT INTO `ceiba_negra`.`lotes` (`id_lote`, `id_manzana`, `lote`, `superficie`, `id_precio`, `vendido`, `col_norte`, `col_sur`, `col_este`, `col_oeste`, `x`, `y`) VALUES (78, 7, '8', 312.5, 1, 0, '46.012 Mts. con Mz. 26 Huerto. 15 m硬 35.00 Mts. con Mz. 26 Huerto. 87', '45.468 Mts. con Mz. 26 Huerto. 13 m硬 35.00 Mts. con Mz. 26 Huerto. 89', '12.50 Mts. conMz. 27 Huerto. 89', '12.50 Mts. con sendero la ceiba', 0, 0);
INSERT INTO `ceiba_negra`.`lotes` (`id_lote`, `id_manzana`, `lote`, `superficie`, `id_precio`, `vendido`, `col_norte`, `col_sur`, `col_este`, `col_oeste`, `x`, `y`) VALUES (79, 7, '8A', 312.5, 1, 0, '46.012 Mts. con Mz. 26 Huerto. 15 m硬 35.00 Mts. con Mz. 26 Huerto. 88', '45.468 Mts. con Mz. 26 Huerto. 13 m硬 35.00 Mts. con Mz. 26 Huerto. 90', '12.50 Mts. conMz. 27 Huerto. 90', '12.50 Mts. con sendero la ceiba', 0, 0);
INSERT INTO `ceiba_negra`.`lotes` (`id_lote`, `id_manzana`, `lote`, `superficie`, `id_precio`, `vendido`, `col_norte`, `col_sur`, `col_este`, `col_oeste`, `x`, `y`) VALUES (80, 7, '9', 312.5, 1, 0, '46.012 Mts. con Mz. 26 Huerto. 15 m硬 35.00 Mts. con Mz. 26 Huerto. 89', '45.468 Mts. con Mz. 26 Huerto. 13 m硬 35.00 Mts. con Mz. 26 Huerto. 91', '12.50 Mts. conMz. 27 Huerto. 91', '12.50 Mts. con sendero la ceiba', 0, 0);
INSERT INTO `ceiba_negra`.`lotes` (`id_lote`, `id_manzana`, `lote`, `superficie`, `id_precio`, `vendido`, `col_norte`, `col_sur`, `col_este`, `col_oeste`, `x`, `y`) VALUES (81, 7, '9A', 312.5, 1, 0, '46.012 Mts. con Mz. 26 Huerto. 15 m硬 35.00 Mts. con Mz. 26 Huerto. 90', '45.468 Mts. con Mz. 26 Huerto. 13 m硬 35.00 Mts. con Mz. 26 Huerto. 92', '12.50 Mts. conMz. 27 Huerto. 92', '12.50 Mts. con sendero la ceiba', 0, 0);
INSERT INTO `ceiba_negra`.`lotes` (`id_lote`, `id_manzana`, `lote`, `superficie`, `id_precio`, `vendido`, `col_norte`, `col_sur`, `col_este`, `col_oeste`, `x`, `y`) VALUES (82, 7, '10', 312.5, 1, 0, '46.012 Mts. con Mz. 26 Huerto. 15 m硬 35.00 Mts. con Mz. 26 Huerto. 91', '45.468 Mts. con Mz. 26 Huerto. 13 m硬 35.00 Mts. con Mz. 26 Huerto. 93', '12.50 Mts. conMz. 27 Huerto. 93', '12.50 Mts. con sendero la ceiba', 0, 0);
INSERT INTO `ceiba_negra`.`lotes` (`id_lote`, `id_manzana`, `lote`, `superficie`, `id_precio`, `vendido`, `col_norte`, `col_sur`, `col_este`, `col_oeste`, `x`, `y`) VALUES (83, 7, '10A', 312.5, 1, 0, '46.012 Mts. con Mz. 26 Huerto. 15 m硬 35.00 Mts. con Mz. 26 Huerto. 92', '45.468 Mts. con Mz. 26 Huerto. 13 m硬 35.00 Mts. con Mz. 26 Huerto. 94', '12.50 Mts. conMz. 27 Huerto. 94', '12.50 Mts. con sendero la ceiba', 0, 0);
INSERT INTO `ceiba_negra`.`lotes` (`id_lote`, `id_manzana`, `lote`, `superficie`, `id_precio`, `vendido`, `col_norte`, `col_sur`, `col_este`, `col_oeste`, `x`, `y`) VALUES (84, 8, '1', 312.5, 1, 0, '46.012 Mts. con Mz. 26 Huerto. 15 m硬 35.00 Mts. con Mz. 26 Huerto. 93', '45.468 Mts. con Mz. 26 Huerto. 13 m硬 35.00 Mts. con Mz. 26 Huerto. 95', '12.50 Mts. conMz. 27 Huerto. 95', '12.50 Mts. con sendero la ceiba', 0, 0);
INSERT INTO `ceiba_negra`.`lotes` (`id_lote`, `id_manzana`, `lote`, `superficie`, `id_precio`, `vendido`, `col_norte`, `col_sur`, `col_este`, `col_oeste`, `x`, `y`) VALUES (85, 8, '1A', 312.5, 1, 0, '46.012 Mts. con Mz. 26 Huerto. 15 m硬 35.00 Mts. con Mz. 26 Huerto. 94', '45.468 Mts. con Mz. 26 Huerto. 13 m硬 35.00 Mts. con Mz. 26 Huerto. 96', '12.50 Mts. conMz. 27 Huerto. 96', '12.50 Mts. con sendero la ceiba', 0, 0);
INSERT INTO `ceiba_negra`.`lotes` (`id_lote`, `id_manzana`, `lote`, `superficie`, `id_precio`, `vendido`, `col_norte`, `col_sur`, `col_este`, `col_oeste`, `x`, `y`) VALUES (86, 8, '2', 312.5, 1, 0, '46.012 Mts. con Mz. 26 Huerto. 15 m硬 35.00 Mts. con Mz. 26 Huerto. 95', '45.468 Mts. con Mz. 26 Huerto. 13 m硬 35.00 Mts. con Mz. 26 Huerto. 97', '12.50 Mts. conMz. 27 Huerto. 97', '12.50 Mts. con sendero la ceiba', 0, 0);
INSERT INTO `ceiba_negra`.`lotes` (`id_lote`, `id_manzana`, `lote`, `superficie`, `id_precio`, `vendido`, `col_norte`, `col_sur`, `col_este`, `col_oeste`, `x`, `y`) VALUES (87, 8, '2A', 312.5, 1, 0, '46.012 Mts. con Mz. 26 Huerto. 15 m硬 35.00 Mts. con Mz. 26 Huerto. 96', '45.468 Mts. con Mz. 26 Huerto. 13 m硬 35.00 Mts. con Mz. 26 Huerto. 98', '12.50 Mts. conMz. 27 Huerto. 98', '12.50 Mts. con sendero la ceiba', 0, 0);
INSERT INTO `ceiba_negra`.`lotes` (`id_lote`, `id_manzana`, `lote`, `superficie`, `id_precio`, `vendido`, `col_norte`, `col_sur`, `col_este`, `col_oeste`, `x`, `y`) VALUES (88, 8, '3', 312.5, 1, 0, '46.012 Mts. con Mz. 26 Huerto. 15 m硬 35.00 Mts. con Mz. 26 Huerto. 97', '45.468 Mts. con Mz. 26 Huerto. 13 m硬 35.00 Mts. con Mz. 26 Huerto. 99', '12.50 Mts. conMz. 27 Huerto. 99', '12.50 Mts. con sendero la ceiba', 0, 0);
INSERT INTO `ceiba_negra`.`lotes` (`id_lote`, `id_manzana`, `lote`, `superficie`, `id_precio`, `vendido`, `col_norte`, `col_sur`, `col_este`, `col_oeste`, `x`, `y`) VALUES (89, 8, '3A', 312.5, 1, 0, '46.012 Mts. con Mz. 26 Huerto. 15 m硬 35.00 Mts. con Mz. 26 Huerto. 98', '45.468 Mts. con Mz. 26 Huerto. 13 m硬 35.00 Mts. con Mz. 26 Huerto. 100', '12.50 Mts. conMz. 27 Huerto. 100', '12.50 Mts. con sendero la ceiba', 0, 0);
INSERT INTO `ceiba_negra`.`lotes` (`id_lote`, `id_manzana`, `lote`, `superficie`, `id_precio`, `vendido`, `col_norte`, `col_sur`, `col_este`, `col_oeste`, `x`, `y`) VALUES (90, 8, '4', 312.5, 1, 0, '46.012 Mts. con Mz. 26 Huerto. 15 m硬 35.00 Mts. con Mz. 26 Huerto. 99', '45.468 Mts. con Mz. 26 Huerto. 13 m硬 35.00 Mts. con Mz. 26 Huerto. 101', '12.50 Mts. conMz. 27 Huerto. 101', '12.50 Mts. con sendero la ceiba', 0, 0);
INSERT INTO `ceiba_negra`.`lotes` (`id_lote`, `id_manzana`, `lote`, `superficie`, `id_precio`, `vendido`, `col_norte`, `col_sur`, `col_este`, `col_oeste`, `x`, `y`) VALUES (91, 8, '4A', 312.5, 1, 0, '46.012 Mts. con Mz. 26 Huerto. 15 m硬 35.00 Mts. con Mz. 26 Huerto. 100', '45.468 Mts. con Mz. 26 Huerto. 13 m硬 35.00 Mts. con Mz. 26 Huerto. 102', '12.50 Mts. conMz. 27 Huerto. 102', '12.50 Mts. con sendero la ceiba', 0, 0);
INSERT INTO `ceiba_negra`.`lotes` (`id_lote`, `id_manzana`, `lote`, `superficie`, `id_precio`, `vendido`, `col_norte`, `col_sur`, `col_este`, `col_oeste`, `x`, `y`) VALUES (92, 8, '5', 312.5, 1, 0, '46.012 Mts. con Mz. 26 Huerto. 15 m硬 35.00 Mts. con Mz. 26 Huerto. 101', '45.468 Mts. con Mz. 26 Huerto. 13 m硬 35.00 Mts. con Mz. 26 Huerto. 103', '12.50 Mts. conMz. 27 Huerto. 103', '12.50 Mts. con sendero la ceiba', 0, 0);
INSERT INTO `ceiba_negra`.`lotes` (`id_lote`, `id_manzana`, `lote`, `superficie`, `id_precio`, `vendido`, `col_norte`, `col_sur`, `col_este`, `col_oeste`, `x`, `y`) VALUES (93, 8, '5A', 312.5, 1, 0, '46.012 Mts. con Mz. 26 Huerto. 15 m硬 35.00 Mts. con Mz. 26 Huerto. 102', '45.468 Mts. con Mz. 26 Huerto. 13 m硬 35.00 Mts. con Mz. 26 Huerto. 104', '12.50 Mts. conMz. 27 Huerto. 104', '12.50 Mts. con sendero la ceiba', 0, 0);
INSERT INTO `ceiba_negra`.`lotes` (`id_lote`, `id_manzana`, `lote`, `superficie`, `id_precio`, `vendido`, `col_norte`, `col_sur`, `col_este`, `col_oeste`, `x`, `y`) VALUES (94, 8, '6', 312.5, 1, 0, '46.012 Mts. con Mz. 26 Huerto. 15 m硬 35.00 Mts. con Mz. 26 Huerto. 103', '45.468 Mts. con Mz. 26 Huerto. 13 m硬 35.00 Mts. con Mz. 26 Huerto. 105', '12.50 Mts. conMz. 27 Huerto. 105', '12.50 Mts. con sendero la ceiba', 0, 0);
INSERT INTO `ceiba_negra`.`lotes` (`id_lote`, `id_manzana`, `lote`, `superficie`, `id_precio`, `vendido`, `col_norte`, `col_sur`, `col_este`, `col_oeste`, `x`, `y`) VALUES (95, 8, '6A', 312.5, 1, 0, '46.012 Mts. con Mz. 26 Huerto. 15 m硬 35.00 Mts. con Mz. 26 Huerto. 104', '45.468 Mts. con Mz. 26 Huerto. 13 m硬 35.00 Mts. con Mz. 26 Huerto. 106', '12.50 Mts. conMz. 27 Huerto. 106', '12.50 Mts. con sendero la ceiba', 0, 0);
INSERT INTO `ceiba_negra`.`lotes` (`id_lote`, `id_manzana`, `lote`, `superficie`, `id_precio`, `vendido`, `col_norte`, `col_sur`, `col_este`, `col_oeste`, `x`, `y`) VALUES (96, 8, '7', 312.5, 1, 0, '46.012 Mts. con Mz. 26 Huerto. 15 m硬 35.00 Mts. con Mz. 26 Huerto. 105', '45.468 Mts. con Mz. 26 Huerto. 13 m硬 35.00 Mts. con Mz. 26 Huerto. 107', '12.50 Mts. conMz. 27 Huerto. 107', '12.50 Mts. con sendero la ceiba', 0, 0);
INSERT INTO `ceiba_negra`.`lotes` (`id_lote`, `id_manzana`, `lote`, `superficie`, `id_precio`, `vendido`, `col_norte`, `col_sur`, `col_este`, `col_oeste`, `x`, `y`) VALUES (97, 8, '7A', 312.5, 1, 0, '46.012 Mts. con Mz. 26 Huerto. 15 m硬 35.00 Mts. con Mz. 26 Huerto. 106', '45.468 Mts. con Mz. 26 Huerto. 13 m硬 35.00 Mts. con Mz. 26 Huerto. 108', '12.50 Mts. conMz. 27 Huerto. 108', '12.50 Mts. con sendero la ceiba', 0, 0);
INSERT INTO `ceiba_negra`.`lotes` (`id_lote`, `id_manzana`, `lote`, `superficie`, `id_precio`, `vendido`, `col_norte`, `col_sur`, `col_este`, `col_oeste`, `x`, `y`) VALUES (98, 8, '8', 312.5, 1, 0, '46.012 Mts. con Mz. 26 Huerto. 15 m硬 35.00 Mts. con Mz. 26 Huerto. 107', '45.468 Mts. con Mz. 26 Huerto. 13 m硬 35.00 Mts. con Mz. 26 Huerto. 109', '12.50 Mts. conMz. 27 Huerto. 109', '12.50 Mts. con sendero la ceiba', 0, 0);
INSERT INTO `ceiba_negra`.`lotes` (`id_lote`, `id_manzana`, `lote`, `superficie`, `id_precio`, `vendido`, `col_norte`, `col_sur`, `col_este`, `col_oeste`, `x`, `y`) VALUES (99, 8, '8A', 312.5, 1, 0, '46.012 Mts. con Mz. 26 Huerto. 15 m硬 35.00 Mts. con Mz. 26 Huerto. 108', '45.468 Mts. con Mz. 26 Huerto. 13 m硬 35.00 Mts. con Mz. 26 Huerto. 110', '12.50 Mts. conMz. 27 Huerto. 110', '12.50 Mts. con sendero la ceiba', 0, 0);
INSERT INTO `ceiba_negra`.`lotes` (`id_lote`, `id_manzana`, `lote`, `superficie`, `id_precio`, `vendido`, `col_norte`, `col_sur`, `col_este`, `col_oeste`, `x`, `y`) VALUES (100, 8, '9', 312.5, 1, 0, '46.012 Mts. con Mz. 26 Huerto. 15 m硬 35.00 Mts. con Mz. 26 Huerto. 109', '45.468 Mts. con Mz. 26 Huerto. 13 m硬 35.00 Mts. con Mz. 26 Huerto. 111', '12.50 Mts. conMz. 27 Huerto. 111', '12.50 Mts. con sendero la ceiba', 0, 0);
INSERT INTO `ceiba_negra`.`lotes` (`id_lote`, `id_manzana`, `lote`, `superficie`, `id_precio`, `vendido`, `col_norte`, `col_sur`, `col_este`, `col_oeste`, `x`, `y`) VALUES (101, 8, '9A', 312.5, 1, 0, '46.012 Mts. con Mz. 26 Huerto. 15 m硬 35.00 Mts. con Mz. 26 Huerto. 110', '45.468 Mts. con Mz. 26 Huerto. 13 m硬 35.00 Mts. con Mz. 26 Huerto. 112', '12.50 Mts. conMz. 27 Huerto. 112', '12.50 Mts. con sendero la ceiba', 0, 0);
INSERT INTO `ceiba_negra`.`lotes` (`id_lote`, `id_manzana`, `lote`, `superficie`, `id_precio`, `vendido`, `col_norte`, `col_sur`, `col_este`, `col_oeste`, `x`, `y`) VALUES (102, 8, '10', 312.5, 1, 0, '46.012 Mts. con Mz. 26 Huerto. 15 m硬 35.00 Mts. con Mz. 26 Huerto. 111', '45.468 Mts. con Mz. 26 Huerto. 13 m硬 35.00 Mts. con Mz. 26 Huerto. 113', '12.50 Mts. conMz. 27 Huerto. 113', '12.50 Mts. con sendero la ceiba', 0, 0);
INSERT INTO `ceiba_negra`.`lotes` (`id_lote`, `id_manzana`, `lote`, `superficie`, `id_precio`, `vendido`, `col_norte`, `col_sur`, `col_este`, `col_oeste`, `x`, `y`) VALUES (103, 8, '10A', 312.5, 1, 0, '46.012 Mts. con Mz. 26 Huerto. 15 m硬 35.00 Mts. con Mz. 26 Huerto. 112', '45.468 Mts. con Mz. 26 Huerto. 13 m硬 35.00 Mts. con Mz. 26 Huerto. 114', '12.50 Mts. conMz. 27 Huerto. 114', '12.50 Mts. con sendero la ceiba', 0, 0);
INSERT INTO `ceiba_negra`.`lotes` (`id_lote`, `id_manzana`, `lote`, `superficie`, `id_precio`, `vendido`, `col_norte`, `col_sur`, `col_este`, `col_oeste`, `x`, `y`) VALUES (104, 9, '1', 312.5, 1, 1, '46.012 Mts. con Mz. 26 Huerto. 15 m硬 35.00 Mts. con Mz. 26 Huerto. 113', '45.468 Mts. con Mz. 26 Huerto. 13 m硬 35.00 Mts. con Mz. 26 Huerto. 115', '12.50 Mts. conMz. 27 Huerto. 115', '12.50 Mts. con sendero la ceiba', 0, 0);
INSERT INTO `ceiba_negra`.`lotes` (`id_lote`, `id_manzana`, `lote`, `superficie`, `id_precio`, `vendido`, `col_norte`, `col_sur`, `col_este`, `col_oeste`, `x`, `y`) VALUES (105, 9, '1A', 312.5, 1, 0, '46.012 Mts. con Mz. 26 Huerto. 15 m硬 35.00 Mts. con Mz. 26 Huerto. 114', '45.468 Mts. con Mz. 26 Huerto. 13 m硬 35.00 Mts. con Mz. 26 Huerto. 116', '12.50 Mts. conMz. 27 Huerto. 116', '12.50 Mts. con sendero la ceiba', 0, 0);
INSERT INTO `ceiba_negra`.`lotes` (`id_lote`, `id_manzana`, `lote`, `superficie`, `id_precio`, `vendido`, `col_norte`, `col_sur`, `col_este`, `col_oeste`, `x`, `y`) VALUES (106, 9, '2', 312.5, 1, 0, '46.012 Mts. con Mz. 26 Huerto. 15 m硬 35.00 Mts. con Mz. 26 Huerto. 115', '45.468 Mts. con Mz. 26 Huerto. 13 m硬 35.00 Mts. con Mz. 26 Huerto. 117', '12.50 Mts. conMz. 27 Huerto. 117', '12.50 Mts. con sendero la ceiba', 0, 0);
INSERT INTO `ceiba_negra`.`lotes` (`id_lote`, `id_manzana`, `lote`, `superficie`, `id_precio`, `vendido`, `col_norte`, `col_sur`, `col_este`, `col_oeste`, `x`, `y`) VALUES (107, 9, '2A', 312.5, 1, 0, '46.012 Mts. con Mz. 26 Huerto. 15 m硬 35.00 Mts. con Mz. 26 Huerto. 116', '45.468 Mts. con Mz. 26 Huerto. 13 m硬 35.00 Mts. con Mz. 26 Huerto. 118', '12.50 Mts. conMz. 27 Huerto. 118', '12.50 Mts. con sendero la ceiba', 0, 0);
INSERT INTO `ceiba_negra`.`lotes` (`id_lote`, `id_manzana`, `lote`, `superficie`, `id_precio`, `vendido`, `col_norte`, `col_sur`, `col_este`, `col_oeste`, `x`, `y`) VALUES (108, 9, '3', 312.5, 1, 0, '46.012 Mts. con Mz. 26 Huerto. 15 m硬 35.00 Mts. con Mz. 26 Huerto. 117', '45.468 Mts. con Mz. 26 Huerto. 13 m硬 35.00 Mts. con Mz. 26 Huerto. 119', '12.50 Mts. conMz. 27 Huerto. 119', '12.50 Mts. con sendero la ceiba', 0, 0);
INSERT INTO `ceiba_negra`.`lotes` (`id_lote`, `id_manzana`, `lote`, `superficie`, `id_precio`, `vendido`, `col_norte`, `col_sur`, `col_este`, `col_oeste`, `x`, `y`) VALUES (109, 9, '3A', 312.5, 1, 0, '46.012 Mts. con Mz. 26 Huerto. 15 m硬 35.00 Mts. con Mz. 26 Huerto. 118', '45.468 Mts. con Mz. 26 Huerto. 13 m硬 35.00 Mts. con Mz. 26 Huerto. 120', '12.50 Mts. conMz. 27 Huerto. 120', '12.50 Mts. con sendero la ceiba', 0, 0);
INSERT INTO `ceiba_negra`.`lotes` (`id_lote`, `id_manzana`, `lote`, `superficie`, `id_precio`, `vendido`, `col_norte`, `col_sur`, `col_este`, `col_oeste`, `x`, `y`) VALUES (110, 9, '4', 312.5, 1, 0, '46.012 Mts. con Mz. 26 Huerto. 15 m硬 35.00 Mts. con Mz. 26 Huerto. 119', '45.468 Mts. con Mz. 26 Huerto. 13 m硬 35.00 Mts. con Mz. 26 Huerto. 121', '12.50 Mts. conMz. 27 Huerto. 121', '12.50 Mts. con sendero la ceiba', 0, 0);
INSERT INTO `ceiba_negra`.`lotes` (`id_lote`, `id_manzana`, `lote`, `superficie`, `id_precio`, `vendido`, `col_norte`, `col_sur`, `col_este`, `col_oeste`, `x`, `y`) VALUES (111, 9, '4A', 312.5, 1, 0, '46.012 Mts. con Mz. 26 Huerto. 15 m硬 35.00 Mts. con Mz. 26 Huerto. 120', '45.468 Mts. con Mz. 26 Huerto. 13 m硬 35.00 Mts. con Mz. 26 Huerto. 122', '12.50 Mts. conMz. 27 Huerto. 122', '12.50 Mts. con sendero la ceiba', 0, 0);
INSERT INTO `ceiba_negra`.`lotes` (`id_lote`, `id_manzana`, `lote`, `superficie`, `id_precio`, `vendido`, `col_norte`, `col_sur`, `col_este`, `col_oeste`, `x`, `y`) VALUES (112, 9, '5', 312.5, 1, 0, '46.012 Mts. con Mz. 26 Huerto. 15 m硬 35.00 Mts. con Mz. 26 Huerto. 121', '45.468 Mts. con Mz. 26 Huerto. 13 m硬 35.00 Mts. con Mz. 26 Huerto. 123', '12.50 Mts. conMz. 27 Huerto. 123', '12.50 Mts. con sendero la ceiba', 0, 0);
INSERT INTO `ceiba_negra`.`lotes` (`id_lote`, `id_manzana`, `lote`, `superficie`, `id_precio`, `vendido`, `col_norte`, `col_sur`, `col_este`, `col_oeste`, `x`, `y`) VALUES (113, 9, '5A', 312.5, 1, 0, '46.012 Mts. con Mz. 26 Huerto. 15 m硬 35.00 Mts. con Mz. 26 Huerto. 122', '45.468 Mts. con Mz. 26 Huerto. 13 m硬 35.00 Mts. con Mz. 26 Huerto. 124', '12.50 Mts. conMz. 27 Huerto. 124', '12.50 Mts. con sendero la ceiba', 0, 0);
INSERT INTO `ceiba_negra`.`lotes` (`id_lote`, `id_manzana`, `lote`, `superficie`, `id_precio`, `vendido`, `col_norte`, `col_sur`, `col_este`, `col_oeste`, `x`, `y`) VALUES (114, 9, '6', 312.5, 1, 1, '46.012 Mts. con Mz. 26 Huerto. 15 m硬 35.00 Mts. con Mz. 26 Huerto. 123', '45.468 Mts. con Mz. 26 Huerto. 13 m硬 35.00 Mts. con Mz. 26 Huerto. 125', '12.50 Mts. conMz. 27 Huerto. 125', '12.50 Mts. con sendero la ceiba', 0, 0);
INSERT INTO `ceiba_negra`.`lotes` (`id_lote`, `id_manzana`, `lote`, `superficie`, `id_precio`, `vendido`, `col_norte`, `col_sur`, `col_este`, `col_oeste`, `x`, `y`) VALUES (115, 9, '6A', 312.5, 1, 1, '46.012 Mts. con Mz. 26 Huerto. 15 m硬 35.00 Mts. con Mz. 26 Huerto. 124', '45.468 Mts. con Mz. 26 Huerto. 13 m硬 35.00 Mts. con Mz. 26 Huerto. 126', '12.50 Mts. conMz. 27 Huerto. 126', '12.50 Mts. con sendero la ceiba', 0, 0);
INSERT INTO `ceiba_negra`.`lotes` (`id_lote`, `id_manzana`, `lote`, `superficie`, `id_precio`, `vendido`, `col_norte`, `col_sur`, `col_este`, `col_oeste`, `x`, `y`) VALUES (116, 9, '7', 312.5, 1, 0, '46.012 Mts. con Mz. 26 Huerto. 15 m硬 35.00 Mts. con Mz. 26 Huerto. 125', '45.468 Mts. con Mz. 26 Huerto. 13 m硬 35.00 Mts. con Mz. 26 Huerto. 127', '12.50 Mts. conMz. 27 Huerto. 127', '12.50 Mts. con sendero la ceiba', 0, 0);
INSERT INTO `ceiba_negra`.`lotes` (`id_lote`, `id_manzana`, `lote`, `superficie`, `id_precio`, `vendido`, `col_norte`, `col_sur`, `col_este`, `col_oeste`, `x`, `y`) VALUES (117, 9, '7A', 312.5, 1, 0, '46.012 Mts. con Mz. 26 Huerto. 15 m硬 35.00 Mts. con Mz. 26 Huerto. 126', '45.468 Mts. con Mz. 26 Huerto. 13 m硬 35.00 Mts. con Mz. 26 Huerto. 128', '12.50 Mts. conMz. 27 Huerto. 128', '12.50 Mts. con sendero la ceiba', 0, 0);
INSERT INTO `ceiba_negra`.`lotes` (`id_lote`, `id_manzana`, `lote`, `superficie`, `id_precio`, `vendido`, `col_norte`, `col_sur`, `col_este`, `col_oeste`, `x`, `y`) VALUES (118, 9, '8', 312.5, 1, 0, '46.012 Mts. con Mz. 26 Huerto. 15 m硬 35.00 Mts. con Mz. 26 Huerto. 127', '45.468 Mts. con Mz. 26 Huerto. 13 m硬 35.00 Mts. con Mz. 26 Huerto. 129', '12.50 Mts. conMz. 27 Huerto. 129', '12.50 Mts. con sendero la ceiba', 0, 0);
INSERT INTO `ceiba_negra`.`lotes` (`id_lote`, `id_manzana`, `lote`, `superficie`, `id_precio`, `vendido`, `col_norte`, `col_sur`, `col_este`, `col_oeste`, `x`, `y`) VALUES (119, 9, '8A', 312.5, 1, 0, '46.012 Mts. con Mz. 26 Huerto. 15 m硬 35.00 Mts. con Mz. 26 Huerto. 128', '45.468 Mts. con Mz. 26 Huerto. 13 m硬 35.00 Mts. con Mz. 26 Huerto. 130', '12.50 Mts. conMz. 27 Huerto. 130', '12.50 Mts. con sendero la ceiba', 0, 0);
INSERT INTO `ceiba_negra`.`lotes` (`id_lote`, `id_manzana`, `lote`, `superficie`, `id_precio`, `vendido`, `col_norte`, `col_sur`, `col_este`, `col_oeste`, `x`, `y`) VALUES (120, 9, '9', 312.5, 1, 0, '46.012 Mts. con Mz. 26 Huerto. 15 m硬 35.00 Mts. con Mz. 26 Huerto. 129', '45.468 Mts. con Mz. 26 Huerto. 13 m硬 35.00 Mts. con Mz. 26 Huerto. 131', '12.50 Mts. conMz. 27 Huerto. 131', '12.50 Mts. con sendero la ceiba', 0, 0);
INSERT INTO `ceiba_negra`.`lotes` (`id_lote`, `id_manzana`, `lote`, `superficie`, `id_precio`, `vendido`, `col_norte`, `col_sur`, `col_este`, `col_oeste`, `x`, `y`) VALUES (121, 9, '9A', 312.5, 1, 0, '46.012 Mts. con Mz. 26 Huerto. 15 m硬 35.00 Mts. con Mz. 26 Huerto. 130', '45.468 Mts. con Mz. 26 Huerto. 13 m硬 35.00 Mts. con Mz. 26 Huerto. 132', '12.50 Mts. conMz. 27 Huerto. 132', '12.50 Mts. con sendero la ceiba', 0, 0);
INSERT INTO `ceiba_negra`.`lotes` (`id_lote`, `id_manzana`, `lote`, `superficie`, `id_precio`, `vendido`, `col_norte`, `col_sur`, `col_este`, `col_oeste`, `x`, `y`) VALUES (122, 9, '10', 312.5, 1, 0, '46.012 Mts. con Mz. 26 Huerto. 15 m硬 35.00 Mts. con Mz. 26 Huerto. 131', '45.468 Mts. con Mz. 26 Huerto. 13 m硬 35.00 Mts. con Mz. 26 Huerto. 133', '12.50 Mts. conMz. 27 Huerto. 133', '12.50 Mts. con sendero la ceiba', 0, 0);
INSERT INTO `ceiba_negra`.`lotes` (`id_lote`, `id_manzana`, `lote`, `superficie`, `id_precio`, `vendido`, `col_norte`, `col_sur`, `col_este`, `col_oeste`, `x`, `y`) VALUES (123, 9, '10A', 312.5, 1, 0, '46.012 Mts. con Mz. 26 Huerto. 15 m硬 35.00 Mts. con Mz. 26 Huerto. 132', '45.468 Mts. con Mz. 26 Huerto. 13 m硬 35.00 Mts. con Mz. 26 Huerto. 134', '12.50 Mts. conMz. 27 Huerto. 134', '12.50 Mts. con sendero la ceiba', 0, 0);
INSERT INTO `ceiba_negra`.`lotes` (`id_lote`, `id_manzana`, `lote`, `superficie`, `id_precio`, `vendido`, `col_norte`, `col_sur`, `col_este`, `col_oeste`, `x`, `y`) VALUES (124, 10, '1', 312.5, 1, 0, '46.012 Mts. con Mz. 26 Huerto. 15 m硬 35.00 Mts. con Mz. 26 Huerto. 133', '45.468 Mts. con Mz. 26 Huerto. 13 m硬 35.00 Mts. con Mz. 26 Huerto. 135', '12.50 Mts. conMz. 27 Huerto. 135', '12.50 Mts. con sendero la ceiba', 0, 0);
INSERT INTO `ceiba_negra`.`lotes` (`id_lote`, `id_manzana`, `lote`, `superficie`, `id_precio`, `vendido`, `col_norte`, `col_sur`, `col_este`, `col_oeste`, `x`, `y`) VALUES (125, 10, '1A', 312.5, 1, 1, '46.012 Mts. con Mz. 26 Huerto. 15 m硬 35.00 Mts. con Mz. 26 Huerto. 134', '45.468 Mts. con Mz. 26 Huerto. 13 m硬 35.00 Mts. con Mz. 26 Huerto. 136', '12.50 Mts. conMz. 27 Huerto. 136', '12.50 Mts. con sendero la ceiba', 0, 0);
INSERT INTO `ceiba_negra`.`lotes` (`id_lote`, `id_manzana`, `lote`, `superficie`, `id_precio`, `vendido`, `col_norte`, `col_sur`, `col_este`, `col_oeste`, `x`, `y`) VALUES (126, 10, '2', 312.5, 1, 0, '46.012 Mts. con Mz. 26 Huerto. 15 m硬 35.00 Mts. con Mz. 26 Huerto. 135', '45.468 Mts. con Mz. 26 Huerto. 13 m硬 35.00 Mts. con Mz. 26 Huerto. 137', '12.50 Mts. conMz. 27 Huerto. 137', '12.50 Mts. con sendero la ceiba', 0, 0);
INSERT INTO `ceiba_negra`.`lotes` (`id_lote`, `id_manzana`, `lote`, `superficie`, `id_precio`, `vendido`, `col_norte`, `col_sur`, `col_este`, `col_oeste`, `x`, `y`) VALUES (127, 10, '2A', 312.5, 1, 0, '46.012 Mts. con Mz. 26 Huerto. 15 m硬 35.00 Mts. con Mz. 26 Huerto. 136', '45.468 Mts. con Mz. 26 Huerto. 13 m硬 35.00 Mts. con Mz. 26 Huerto. 138', '12.50 Mts. conMz. 27 Huerto. 138', '12.50 Mts. con sendero la ceiba', 0, 0);
INSERT INTO `ceiba_negra`.`lotes` (`id_lote`, `id_manzana`, `lote`, `superficie`, `id_precio`, `vendido`, `col_norte`, `col_sur`, `col_este`, `col_oeste`, `x`, `y`) VALUES (128, 10, '3', 312.5, 1, 0, '46.012 Mts. con Mz. 26 Huerto. 15 m硬 35.00 Mts. con Mz. 26 Huerto. 137', '45.468 Mts. con Mz. 26 Huerto. 13 m硬 35.00 Mts. con Mz. 26 Huerto. 139', '12.50 Mts. conMz. 27 Huerto. 139', '12.50 Mts. con sendero la ceiba', 0, 0);
INSERT INTO `ceiba_negra`.`lotes` (`id_lote`, `id_manzana`, `lote`, `superficie`, `id_precio`, `vendido`, `col_norte`, `col_sur`, `col_este`, `col_oeste`, `x`, `y`) VALUES (129, 10, '3A', 312.5, 1, 0, '46.012 Mts. con Mz. 26 Huerto. 15 m硬 35.00 Mts. con Mz. 26 Huerto. 138', '45.468 Mts. con Mz. 26 Huerto. 13 m硬 35.00 Mts. con Mz. 26 Huerto. 140', '12.50 Mts. conMz. 27 Huerto. 140', '12.50 Mts. con sendero la ceiba', 0, 0);
INSERT INTO `ceiba_negra`.`lotes` (`id_lote`, `id_manzana`, `lote`, `superficie`, `id_precio`, `vendido`, `col_norte`, `col_sur`, `col_este`, `col_oeste`, `x`, `y`) VALUES (130, 10, '4', 312.5, 1, 0, '46.012 Mts. con Mz. 26 Huerto. 15 m硬 35.00 Mts. con Mz. 26 Huerto. 139', '45.468 Mts. con Mz. 26 Huerto. 13 m硬 35.00 Mts. con Mz. 26 Huerto. 141', '12.50 Mts. conMz. 27 Huerto. 141', '12.50 Mts. con sendero la ceiba', 0, 0);
INSERT INTO `ceiba_negra`.`lotes` (`id_lote`, `id_manzana`, `lote`, `superficie`, `id_precio`, `vendido`, `col_norte`, `col_sur`, `col_este`, `col_oeste`, `x`, `y`) VALUES (131, 10, '4A', 312.5, 1, 0, '46.012 Mts. con Mz. 26 Huerto. 15 m硬 35.00 Mts. con Mz. 26 Huerto. 140', '45.468 Mts. con Mz. 26 Huerto. 13 m硬 35.00 Mts. con Mz. 26 Huerto. 142', '12.50 Mts. conMz. 27 Huerto. 142', '12.50 Mts. con sendero la ceiba', 0, 0);
INSERT INTO `ceiba_negra`.`lotes` (`id_lote`, `id_manzana`, `lote`, `superficie`, `id_precio`, `vendido`, `col_norte`, `col_sur`, `col_este`, `col_oeste`, `x`, `y`) VALUES (132, 10, '5', 312.5, 1, 0, '46.012 Mts. con Mz. 26 Huerto. 15 m硬 35.00 Mts. con Mz. 26 Huerto. 141', '45.468 Mts. con Mz. 26 Huerto. 13 m硬 35.00 Mts. con Mz. 26 Huerto. 143', '12.50 Mts. conMz. 27 Huerto. 143', '12.50 Mts. con sendero la ceiba', 0, 0);
INSERT INTO `ceiba_negra`.`lotes` (`id_lote`, `id_manzana`, `lote`, `superficie`, `id_precio`, `vendido`, `col_norte`, `col_sur`, `col_este`, `col_oeste`, `x`, `y`) VALUES (133, 10, '5A', 312.5, 1, 0, '46.012 Mts. con Mz. 26 Huerto. 15 m硬 35.00 Mts. con Mz. 26 Huerto. 142', '45.468 Mts. con Mz. 26 Huerto. 13 m硬 35.00 Mts. con Mz. 26 Huerto. 144', '12.50 Mts. conMz. 27 Huerto. 144', '12.50 Mts. con sendero la ceiba', 0, 0);
INSERT INTO `ceiba_negra`.`lotes` (`id_lote`, `id_manzana`, `lote`, `superficie`, `id_precio`, `vendido`, `col_norte`, `col_sur`, `col_este`, `col_oeste`, `x`, `y`) VALUES (134, 10, '6', 312.5, 1, 0, '46.012 Mts. con Mz. 26 Huerto. 15 m硬 35.00 Mts. con Mz. 26 Huerto. 143', '45.468 Mts. con Mz. 26 Huerto. 13 m硬 35.00 Mts. con Mz. 26 Huerto. 145', '12.50 Mts. conMz. 27 Huerto. 145', '12.50 Mts. con sendero la ceiba', 0, 0);
INSERT INTO `ceiba_negra`.`lotes` (`id_lote`, `id_manzana`, `lote`, `superficie`, `id_precio`, `vendido`, `col_norte`, `col_sur`, `col_este`, `col_oeste`, `x`, `y`) VALUES (135, 10, '6A', 312.5, 1, 0, '46.012 Mts. con Mz. 26 Huerto. 15 m硬 35.00 Mts. con Mz. 26 Huerto. 144', '45.468 Mts. con Mz. 26 Huerto. 13 m硬 35.00 Mts. con Mz. 26 Huerto. 146', '12.50 Mts. conMz. 27 Huerto. 146', '12.50 Mts. con sendero la ceiba', 0, 0);
INSERT INTO `ceiba_negra`.`lotes` (`id_lote`, `id_manzana`, `lote`, `superficie`, `id_precio`, `vendido`, `col_norte`, `col_sur`, `col_este`, `col_oeste`, `x`, `y`) VALUES (136, 10, '7', 312.5, 1, 0, '46.012 Mts. con Mz. 26 Huerto. 15 m硬 35.00 Mts. con Mz. 26 Huerto. 145', '45.468 Mts. con Mz. 26 Huerto. 13 m硬 35.00 Mts. con Mz. 26 Huerto. 147', '12.50 Mts. conMz. 27 Huerto. 147', '12.50 Mts. con sendero la ceiba', 0, 0);
INSERT INTO `ceiba_negra`.`lotes` (`id_lote`, `id_manzana`, `lote`, `superficie`, `id_precio`, `vendido`, `col_norte`, `col_sur`, `col_este`, `col_oeste`, `x`, `y`) VALUES (137, 10, '7A', 312.5, 1, 0, '46.012 Mts. con Mz. 26 Huerto. 15 m硬 35.00 Mts. con Mz. 26 Huerto. 146', '45.468 Mts. con Mz. 26 Huerto. 13 m硬 35.00 Mts. con Mz. 26 Huerto. 148', '12.50 Mts. conMz. 27 Huerto. 148', '12.50 Mts. con sendero la ceiba', 0, 0);
INSERT INTO `ceiba_negra`.`lotes` (`id_lote`, `id_manzana`, `lote`, `superficie`, `id_precio`, `vendido`, `col_norte`, `col_sur`, `col_este`, `col_oeste`, `x`, `y`) VALUES (138, 10, '8', 312.5, 1, 0, '46.012 Mts. con Mz. 26 Huerto. 15 m硬 35.00 Mts. con Mz. 26 Huerto. 147', '45.468 Mts. con Mz. 26 Huerto. 13 m硬 35.00 Mts. con Mz. 26 Huerto. 149', '12.50 Mts. conMz. 27 Huerto. 149', '12.50 Mts. con sendero la ceiba', 0, 0);
INSERT INTO `ceiba_negra`.`lotes` (`id_lote`, `id_manzana`, `lote`, `superficie`, `id_precio`, `vendido`, `col_norte`, `col_sur`, `col_este`, `col_oeste`, `x`, `y`) VALUES (139, 10, '8A', 312.5, 1, 0, '46.012 Mts. con Mz. 26 Huerto. 15 m硬 35.00 Mts. con Mz. 26 Huerto. 148', '45.468 Mts. con Mz. 26 Huerto. 13 m硬 35.00 Mts. con Mz. 26 Huerto. 150', '12.50 Mts. conMz. 27 Huerto. 150', '12.50 Mts. con sendero la ceiba', 0, 0);
INSERT INTO `ceiba_negra`.`lotes` (`id_lote`, `id_manzana`, `lote`, `superficie`, `id_precio`, `vendido`, `col_norte`, `col_sur`, `col_este`, `col_oeste`, `x`, `y`) VALUES (140, 10, '9', 312.5, 1, 0, '46.012 Mts. con Mz. 26 Huerto. 15 m硬 35.00 Mts. con Mz. 26 Huerto. 149', '45.468 Mts. con Mz. 26 Huerto. 13 m硬 35.00 Mts. con Mz. 26 Huerto. 151', '12.50 Mts. conMz. 27 Huerto. 151', '12.50 Mts. con sendero la ceiba', 0, 0);
INSERT INTO `ceiba_negra`.`lotes` (`id_lote`, `id_manzana`, `lote`, `superficie`, `id_precio`, `vendido`, `col_norte`, `col_sur`, `col_este`, `col_oeste`, `x`, `y`) VALUES (141, 10, '9A', 312.5, 1, 0, '46.012 Mts. con Mz. 26 Huerto. 15 m硬 35.00 Mts. con Mz. 26 Huerto. 150', '45.468 Mts. con Mz. 26 Huerto. 13 m硬 35.00 Mts. con Mz. 26 Huerto. 152', '12.50 Mts. conMz. 27 Huerto. 152', '12.50 Mts. con sendero la ceiba', 0, 0);
INSERT INTO `ceiba_negra`.`lotes` (`id_lote`, `id_manzana`, `lote`, `superficie`, `id_precio`, `vendido`, `col_norte`, `col_sur`, `col_este`, `col_oeste`, `x`, `y`) VALUES (142, 10, '10', 312.5, 1, 0, '46.012 Mts. con Mz. 26 Huerto. 15 m硬 35.00 Mts. con Mz. 26 Huerto. 151', '45.468 Mts. con Mz. 26 Huerto. 13 m硬 35.00 Mts. con Mz. 26 Huerto. 153', '12.50 Mts. conMz. 27 Huerto. 153', '12.50 Mts. con sendero la ceiba', 0, 0);
INSERT INTO `ceiba_negra`.`lotes` (`id_lote`, `id_manzana`, `lote`, `superficie`, `id_precio`, `vendido`, `col_norte`, `col_sur`, `col_este`, `col_oeste`, `x`, `y`) VALUES (143, 10, '10A', 312.5, 1, 0, '46.012 Mts. con Mz. 26 Huerto. 15 m硬 35.00 Mts. con Mz. 26 Huerto. 152', '45.468 Mts. con Mz. 26 Huerto. 13 m硬 35.00 Mts. con Mz. 26 Huerto. 154', '12.50 Mts. conMz. 27 Huerto. 154', '12.50 Mts. con sendero la ceiba', 0, 0);
INSERT INTO `ceiba_negra`.`lotes` (`id_lote`, `id_manzana`, `lote`, `superficie`, `id_precio`, `vendido`, `col_norte`, `col_sur`, `col_este`, `col_oeste`, `x`, `y`) VALUES (144, 11, '1', 312.5, 2, 0, '46.012 Mts. con Mz. 26 Huerto. 15 m硬 35.00 Mts. con Mz. 26 Huerto. 153', '45.468 Mts. con Mz. 26 Huerto. 13 m硬 35.00 Mts. con Mz. 26 Huerto. 155', '12.50 Mts. conMz. 27 Huerto. 155', '12.50 Mts. con sendero la ceiba', 0, 0);
INSERT INTO `ceiba_negra`.`lotes` (`id_lote`, `id_manzana`, `lote`, `superficie`, `id_precio`, `vendido`, `col_norte`, `col_sur`, `col_este`, `col_oeste`, `x`, `y`) VALUES (145, 11, '2', 312.5, 1, 0, '46.012 Mts. con Mz. 26 Huerto. 15 m硬 35.00 Mts. con Mz. 26 Huerto. 154', '45.468 Mts. con Mz. 26 Huerto. 13 m硬 35.00 Mts. con Mz. 26 Huerto. 156', '12.50 Mts. conMz. 27 Huerto. 156', '12.50 Mts. con sendero la ceiba', 0, 0);
INSERT INTO `ceiba_negra`.`lotes` (`id_lote`, `id_manzana`, `lote`, `superficie`, `id_precio`, `vendido`, `col_norte`, `col_sur`, `col_este`, `col_oeste`, `x`, `y`) VALUES (146, 11, '3', 312.5, 1, 0, '46.012 Mts. con Mz. 26 Huerto. 15 m硬 35.00 Mts. con Mz. 26 Huerto. 155', '45.468 Mts. con Mz. 26 Huerto. 13 m硬 35.00 Mts. con Mz. 26 Huerto. 157', '12.50 Mts. conMz. 27 Huerto. 157', '12.50 Mts. con sendero la ceiba', 0, 0);
INSERT INTO `ceiba_negra`.`lotes` (`id_lote`, `id_manzana`, `lote`, `superficie`, `id_precio`, `vendido`, `col_norte`, `col_sur`, `col_este`, `col_oeste`, `x`, `y`) VALUES (147, 11, '4', 312.5, 1, 0, '46.012 Mts. con Mz. 26 Huerto. 15 m硬 35.00 Mts. con Mz. 26 Huerto. 156', '45.468 Mts. con Mz. 26 Huerto. 13 m硬 35.00 Mts. con Mz. 26 Huerto. 158', '12.50 Mts. conMz. 27 Huerto. 158', '12.50 Mts. con sendero la ceiba', 0, 0);
INSERT INTO `ceiba_negra`.`lotes` (`id_lote`, `id_manzana`, `lote`, `superficie`, `id_precio`, `vendido`, `col_norte`, `col_sur`, `col_este`, `col_oeste`, `x`, `y`) VALUES (148, 11, '5', 312.5, 1, 0, '46.012 Mts. con Mz. 26 Huerto. 15 m硬 35.00 Mts. con Mz. 26 Huerto. 157', '45.468 Mts. con Mz. 26 Huerto. 13 m硬 35.00 Mts. con Mz. 26 Huerto. 159', '12.50 Mts. conMz. 27 Huerto. 159', '12.50 Mts. con sendero la ceiba', 0, 0);
INSERT INTO `ceiba_negra`.`lotes` (`id_lote`, `id_manzana`, `lote`, `superficie`, `id_precio`, `vendido`, `col_norte`, `col_sur`, `col_este`, `col_oeste`, `x`, `y`) VALUES (149, 11, '6', 312.5, 1, 0, '46.012 Mts. con Mz. 26 Huerto. 15 m硬 35.00 Mts. con Mz. 26 Huerto. 158', '45.468 Mts. con Mz. 26 Huerto. 13 m硬 35.00 Mts. con Mz. 26 Huerto. 160', '12.50 Mts. conMz. 27 Huerto. 160', '12.50 Mts. con sendero la ceiba', 0, 0);
INSERT INTO `ceiba_negra`.`lotes` (`id_lote`, `id_manzana`, `lote`, `superficie`, `id_precio`, `vendido`, `col_norte`, `col_sur`, `col_este`, `col_oeste`, `x`, `y`) VALUES (150, 11, '7', 312.5, 1, 0, '46.012 Mts. con Mz. 26 Huerto. 15 m硬 35.00 Mts. con Mz. 26 Huerto. 159', '45.468 Mts. con Mz. 26 Huerto. 13 m硬 35.00 Mts. con Mz. 26 Huerto. 161', '12.50 Mts. conMz. 27 Huerto. 161', '12.50 Mts. con sendero la ceiba', 0, 0);
INSERT INTO `ceiba_negra`.`lotes` (`id_lote`, `id_manzana`, `lote`, `superficie`, `id_precio`, `vendido`, `col_norte`, `col_sur`, `col_este`, `col_oeste`, `x`, `y`) VALUES (151, 11, '8', 312.5, 1, 0, '46.012 Mts. con Mz. 26 Huerto. 15 m硬 35.00 Mts. con Mz. 26 Huerto. 160', '45.468 Mts. con Mz. 26 Huerto. 13 m硬 35.00 Mts. con Mz. 26 Huerto. 162', '12.50 Mts. conMz. 27 Huerto. 162', '12.50 Mts. con sendero la ceiba', 0, 0);
INSERT INTO `ceiba_negra`.`lotes` (`id_lote`, `id_manzana`, `lote`, `superficie`, `id_precio`, `vendido`, `col_norte`, `col_sur`, `col_este`, `col_oeste`, `x`, `y`) VALUES (152, 11, '9', 312.5, 1, 0, '46.012 Mts. con Mz. 26 Huerto. 15 m硬 35.00 Mts. con Mz. 26 Huerto. 161', '45.468 Mts. con Mz. 26 Huerto. 13 m硬 35.00 Mts. con Mz. 26 Huerto. 163', '12.50 Mts. conMz. 27 Huerto. 163', '12.50 Mts. con sendero la ceiba', 0, 0);
INSERT INTO `ceiba_negra`.`lotes` (`id_lote`, `id_manzana`, `lote`, `superficie`, `id_precio`, `vendido`, `col_norte`, `col_sur`, `col_este`, `col_oeste`, `x`, `y`) VALUES (153, 11, '10', 312.5, 1, 0, '46.012 Mts. con Mz. 26 Huerto. 15 m硬 35.00 Mts. con Mz. 26 Huerto. 162', '45.468 Mts. con Mz. 26 Huerto. 13 m硬 35.00 Mts. con Mz. 26 Huerto. 164', '12.50 Mts. conMz. 27 Huerto. 164', '12.50 Mts. con sendero la ceiba', 0, 0);
INSERT INTO `ceiba_negra`.`lotes` (`id_lote`, `id_manzana`, `lote`, `superficie`, `id_precio`, `vendido`, `col_norte`, `col_sur`, `col_este`, `col_oeste`, `x`, `y`) VALUES (154, 11, '11', 312.5, 1, 0, '46.012 Mts. con Mz. 26 Huerto. 15 m硬 35.00 Mts. con Mz. 26 Huerto. 163', '45.468 Mts. con Mz. 26 Huerto. 13 m硬 35.00 Mts. con Mz. 26 Huerto. 165', '12.50 Mts. conMz. 27 Huerto. 165', '12.50 Mts. con sendero la ceiba', 0, 0);
INSERT INTO `ceiba_negra`.`lotes` (`id_lote`, `id_manzana`, `lote`, `superficie`, `id_precio`, `vendido`, `col_norte`, `col_sur`, `col_este`, `col_oeste`, `x`, `y`) VALUES (155, 11, '12', 312.5, 1, 0, '46.012 Mts. con Mz. 26 Huerto. 15 m硬 35.00 Mts. con Mz. 26 Huerto. 164', '45.468 Mts. con Mz. 26 Huerto. 13 m硬 35.00 Mts. con Mz. 26 Huerto. 166', '12.50 Mts. conMz. 27 Huerto. 166', '12.50 Mts. con sendero la ceiba', 0, 0);
INSERT INTO `ceiba_negra`.`lotes` (`id_lote`, `id_manzana`, `lote`, `superficie`, `id_precio`, `vendido`, `col_norte`, `col_sur`, `col_este`, `col_oeste`, `x`, `y`) VALUES (156, 11, '13', 312.5, 1, 0, '46.012 Mts. con Mz. 26 Huerto. 15 m硬 35.00 Mts. con Mz. 26 Huerto. 165', '45.468 Mts. con Mz. 26 Huerto. 13 m硬 35.00 Mts. con Mz. 26 Huerto. 167', '12.50 Mts. conMz. 27 Huerto. 167', '12.50 Mts. con sendero la ceiba', 0, 0);
INSERT INTO `ceiba_negra`.`lotes` (`id_lote`, `id_manzana`, `lote`, `superficie`, `id_precio`, `vendido`, `col_norte`, `col_sur`, `col_este`, `col_oeste`, `x`, `y`) VALUES (157, 11, '14', 312.5, 1, 0, '46.012 Mts. con Mz. 26 Huerto. 15 m硬 35.00 Mts. con Mz. 26 Huerto. 166', '45.468 Mts. con Mz. 26 Huerto. 13 m硬 35.00 Mts. con Mz. 26 Huerto. 168', '12.50 Mts. conMz. 27 Huerto. 168', '12.50 Mts. con sendero la ceiba', 0, 0);
INSERT INTO `ceiba_negra`.`lotes` (`id_lote`, `id_manzana`, `lote`, `superficie`, `id_precio`, `vendido`, `col_norte`, `col_sur`, `col_este`, `col_oeste`, `x`, `y`) VALUES (158, 11, '15', 312.5, 1, 0, '46.012 Mts. con Mz. 26 Huerto. 15 m硬 35.00 Mts. con Mz. 26 Huerto. 167', '45.468 Mts. con Mz. 26 Huerto. 13 m硬 35.00 Mts. con Mz. 26 Huerto. 169', '12.50 Mts. conMz. 27 Huerto. 169', '12.50 Mts. con sendero la ceiba', 0, 0);
INSERT INTO `ceiba_negra`.`lotes` (`id_lote`, `id_manzana`, `lote`, `superficie`, `id_precio`, `vendido`, `col_norte`, `col_sur`, `col_este`, `col_oeste`, `x`, `y`) VALUES (159, 11, '16', 312.5, 1, 0, '46.012 Mts. con Mz. 26 Huerto. 15 m硬 35.00 Mts. con Mz. 26 Huerto. 168', '45.468 Mts. con Mz. 26 Huerto. 13 m硬 35.00 Mts. con Mz. 26 Huerto. 170', '12.50 Mts. conMz. 27 Huerto. 170', '12.50 Mts. con sendero la ceiba', 0, 0);
INSERT INTO `ceiba_negra`.`lotes` (`id_lote`, `id_manzana`, `lote`, `superficie`, `id_precio`, `vendido`, `col_norte`, `col_sur`, `col_este`, `col_oeste`, `x`, `y`) VALUES (160, 11, '17', 312.5, 1, 0, '46.012 Mts. con Mz. 26 Huerto. 15 m硬 35.00 Mts. con Mz. 26 Huerto. 169', '45.468 Mts. con Mz. 26 Huerto. 13 m硬 35.00 Mts. con Mz. 26 Huerto. 171', '12.50 Mts. conMz. 27 Huerto. 171', '12.50 Mts. con sendero la ceiba', 0, 0);
INSERT INTO `ceiba_negra`.`lotes` (`id_lote`, `id_manzana`, `lote`, `superficie`, `id_precio`, `vendido`, `col_norte`, `col_sur`, `col_este`, `col_oeste`, `x`, `y`) VALUES (161, 11, '18', 312.5, 1, 0, '46.012 Mts. con Mz. 26 Huerto. 15 m硬 35.00 Mts. con Mz. 26 Huerto. 170', '45.468 Mts. con Mz. 26 Huerto. 13 m硬 35.00 Mts. con Mz. 26 Huerto. 172', '12.50 Mts. conMz. 27 Huerto. 172', '12.50 Mts. con sendero la ceiba', 0, 0);
INSERT INTO `ceiba_negra`.`lotes` (`id_lote`, `id_manzana`, `lote`, `superficie`, `id_precio`, `vendido`, `col_norte`, `col_sur`, `col_este`, `col_oeste`, `x`, `y`) VALUES (162, 11, '19', 312.5, 2, 0, '46.012 Mts. con Mz. 26 Huerto. 15 m硬 35.00 Mts. con Mz. 26 Huerto. 171', '45.468 Mts. con Mz. 26 Huerto. 13 m硬 35.00 Mts. con Mz. 26 Huerto. 173', '12.50 Mts. conMz. 27 Huerto. 173', '12.50 Mts. con sendero la ceiba', 0, 0);
INSERT INTO `ceiba_negra`.`lotes` (`id_lote`, `id_manzana`, `lote`, `superficie`, `id_precio`, `vendido`, `col_norte`, `col_sur`, `col_este`, `col_oeste`, `x`, `y`) VALUES (163, 11, '20', 312.5, 1, 0, '46.012 Mts. con Mz. 26 Huerto. 15 m硬 35.00 Mts. con Mz. 26 Huerto. 172', '45.468 Mts. con Mz. 26 Huerto. 13 m硬 35.00 Mts. con Mz. 26 Huerto. 174', '12.50 Mts. conMz. 27 Huerto. 174', '12.50 Mts. con sendero la ceiba', 0, 0);
INSERT INTO `ceiba_negra`.`lotes` (`id_lote`, `id_manzana`, `lote`, `superficie`, `id_precio`, `vendido`, `col_norte`, `col_sur`, `col_este`, `col_oeste`, `x`, `y`) VALUES (164, 12, '1', 312.5, 1, 0, '46.012 Mts. con Mz. 26 Huerto. 15 m硬 35.00 Mts. con Mz. 26 Huerto. 173', '45.468 Mts. con Mz. 26 Huerto. 13 m硬 35.00 Mts. con Mz. 26 Huerto. 175', '12.50 Mts. conMz. 27 Huerto. 175', '12.50 Mts. con sendero la ceiba', 0, 0);
INSERT INTO `ceiba_negra`.`lotes` (`id_lote`, `id_manzana`, `lote`, `superficie`, `id_precio`, `vendido`, `col_norte`, `col_sur`, `col_este`, `col_oeste`, `x`, `y`) VALUES (165, 12, '2', 312.5, 1, 0, '46.012 Mts. con Mz. 26 Huerto. 15 m硬 35.00 Mts. con Mz. 26 Huerto. 174', '45.468 Mts. con Mz. 26 Huerto. 13 m硬 35.00 Mts. con Mz. 26 Huerto. 176', '12.50 Mts. conMz. 27 Huerto. 176', '12.50 Mts. con sendero la ceiba', 0, 0);
INSERT INTO `ceiba_negra`.`lotes` (`id_lote`, `id_manzana`, `lote`, `superficie`, `id_precio`, `vendido`, `col_norte`, `col_sur`, `col_este`, `col_oeste`, `x`, `y`) VALUES (166, 12, '3', 312.5, 1, 0, '46.012 Mts. con Mz. 26 Huerto. 15 m硬 35.00 Mts. con Mz. 26 Huerto. 175', '45.468 Mts. con Mz. 26 Huerto. 13 m硬 35.00 Mts. con Mz. 26 Huerto. 177', '12.50 Mts. conMz. 27 Huerto. 177', '12.50 Mts. con sendero la ceiba', 0, 0);
INSERT INTO `ceiba_negra`.`lotes` (`id_lote`, `id_manzana`, `lote`, `superficie`, `id_precio`, `vendido`, `col_norte`, `col_sur`, `col_este`, `col_oeste`, `x`, `y`) VALUES (167, 12, '4', 312.5, 1, 0, '46.012 Mts. con Mz. 26 Huerto. 15 m硬 35.00 Mts. con Mz. 26 Huerto. 176', '45.468 Mts. con Mz. 26 Huerto. 13 m硬 35.00 Mts. con Mz. 26 Huerto. 178', '12.50 Mts. conMz. 27 Huerto. 178', '12.50 Mts. con sendero la ceiba', 0, 0);
INSERT INTO `ceiba_negra`.`lotes` (`id_lote`, `id_manzana`, `lote`, `superficie`, `id_precio`, `vendido`, `col_norte`, `col_sur`, `col_este`, `col_oeste`, `x`, `y`) VALUES (168, 12, '5', 312.5, 1, 0, '46.012 Mts. con Mz. 26 Huerto. 15 m硬 35.00 Mts. con Mz. 26 Huerto. 177', '45.468 Mts. con Mz. 26 Huerto. 13 m硬 35.00 Mts. con Mz. 26 Huerto. 179', '12.50 Mts. conMz. 27 Huerto. 179', '12.50 Mts. con sendero la ceiba', 0, 0);
INSERT INTO `ceiba_negra`.`lotes` (`id_lote`, `id_manzana`, `lote`, `superficie`, `id_precio`, `vendido`, `col_norte`, `col_sur`, `col_este`, `col_oeste`, `x`, `y`) VALUES (169, 12, '6', 312.5, 1, 0, '46.012 Mts. con Mz. 26 Huerto. 15 m硬 35.00 Mts. con Mz. 26 Huerto. 178', '45.468 Mts. con Mz. 26 Huerto. 13 m硬 35.00 Mts. con Mz. 26 Huerto. 180', '12.50 Mts. conMz. 27 Huerto. 180', '12.50 Mts. con sendero la ceiba', 0, 0);
INSERT INTO `ceiba_negra`.`lotes` (`id_lote`, `id_manzana`, `lote`, `superficie`, `id_precio`, `vendido`, `col_norte`, `col_sur`, `col_este`, `col_oeste`, `x`, `y`) VALUES (170, 12, '7', 312.5, 1, 0, '46.012 Mts. con Mz. 26 Huerto. 15 m硬 35.00 Mts. con Mz. 26 Huerto. 179', '45.468 Mts. con Mz. 26 Huerto. 13 m硬 35.00 Mts. con Mz. 26 Huerto. 181', '12.50 Mts. conMz. 27 Huerto. 181', '12.50 Mts. con sendero la ceiba', 0, 0);
INSERT INTO `ceiba_negra`.`lotes` (`id_lote`, `id_manzana`, `lote`, `superficie`, `id_precio`, `vendido`, `col_norte`, `col_sur`, `col_este`, `col_oeste`, `x`, `y`) VALUES (171, 12, '8', 312.5, 1, 0, '46.012 Mts. con Mz. 26 Huerto. 15 m硬 35.00 Mts. con Mz. 26 Huerto. 180', '45.468 Mts. con Mz. 26 Huerto. 13 m硬 35.00 Mts. con Mz. 26 Huerto. 182', '12.50 Mts. conMz. 27 Huerto. 182', '12.50 Mts. con sendero la ceiba', 0, 0);
INSERT INTO `ceiba_negra`.`lotes` (`id_lote`, `id_manzana`, `lote`, `superficie`, `id_precio`, `vendido`, `col_norte`, `col_sur`, `col_este`, `col_oeste`, `x`, `y`) VALUES (172, 12, '9', 312.5, 1, 0, '46.012 Mts. con Mz. 26 Huerto. 15 m硬 35.00 Mts. con Mz. 26 Huerto. 181', '45.468 Mts. con Mz. 26 Huerto. 13 m硬 35.00 Mts. con Mz. 26 Huerto. 183', '12.50 Mts. conMz. 27 Huerto. 183', '12.50 Mts. con sendero la ceiba', 0, 0);
INSERT INTO `ceiba_negra`.`lotes` (`id_lote`, `id_manzana`, `lote`, `superficie`, `id_precio`, `vendido`, `col_norte`, `col_sur`, `col_este`, `col_oeste`, `x`, `y`) VALUES (173, 12, '10', 312.5, 1, 0, '46.012 Mts. con Mz. 26 Huerto. 15 m硬 35.00 Mts. con Mz. 26 Huerto. 182', '45.468 Mts. con Mz. 26 Huerto. 13 m硬 35.00 Mts. con Mz. 26 Huerto. 184', '12.50 Mts. conMz. 27 Huerto. 184', '12.50 Mts. con sendero la ceiba', 0, 0);
INSERT INTO `ceiba_negra`.`lotes` (`id_lote`, `id_manzana`, `lote`, `superficie`, `id_precio`, `vendido`, `col_norte`, `col_sur`, `col_este`, `col_oeste`, `x`, `y`) VALUES (174, 12, '11', 312.5, 1, 0, '46.012 Mts. con Mz. 26 Huerto. 15 m硬 35.00 Mts. con Mz. 26 Huerto. 183', '45.468 Mts. con Mz. 26 Huerto. 13 m硬 35.00 Mts. con Mz. 26 Huerto. 185', '12.50 Mts. conMz. 27 Huerto. 185', '12.50 Mts. con sendero la ceiba', 0, 0);
INSERT INTO `ceiba_negra`.`lotes` (`id_lote`, `id_manzana`, `lote`, `superficie`, `id_precio`, `vendido`, `col_norte`, `col_sur`, `col_este`, `col_oeste`, `x`, `y`) VALUES (175, 12, '12', 312.5, 1, 0, '46.012 Mts. con Mz. 26 Huerto. 15 m硬 35.00 Mts. con Mz. 26 Huerto. 184', '45.468 Mts. con Mz. 26 Huerto. 13 m硬 35.00 Mts. con Mz. 26 Huerto. 186', '12.50 Mts. conMz. 27 Huerto. 186', '12.50 Mts. con sendero la ceiba', 0, 0);
INSERT INTO `ceiba_negra`.`lotes` (`id_lote`, `id_manzana`, `lote`, `superficie`, `id_precio`, `vendido`, `col_norte`, `col_sur`, `col_este`, `col_oeste`, `x`, `y`) VALUES (176, 12, '13', 312.5, 1, 0, '46.012 Mts. con Mz. 26 Huerto. 15 m硬 35.00 Mts. con Mz. 26 Huerto. 185', '45.468 Mts. con Mz. 26 Huerto. 13 m硬 35.00 Mts. con Mz. 26 Huerto. 187', '12.50 Mts. conMz. 27 Huerto. 187', '12.50 Mts. con sendero la ceiba', 0, 0);
INSERT INTO `ceiba_negra`.`lotes` (`id_lote`, `id_manzana`, `lote`, `superficie`, `id_precio`, `vendido`, `col_norte`, `col_sur`, `col_este`, `col_oeste`, `x`, `y`) VALUES (177, 12, '14', 312.5, 1, 0, '46.012 Mts. con Mz. 26 Huerto. 15 m硬 35.00 Mts. con Mz. 26 Huerto. 186', '45.468 Mts. con Mz. 26 Huerto. 13 m硬 35.00 Mts. con Mz. 26 Huerto. 188', '12.50 Mts. conMz. 27 Huerto. 188', '12.50 Mts. con sendero la ceiba', 0, 0);
INSERT INTO `ceiba_negra`.`lotes` (`id_lote`, `id_manzana`, `lote`, `superficie`, `id_precio`, `vendido`, `col_norte`, `col_sur`, `col_este`, `col_oeste`, `x`, `y`) VALUES (178, 12, '15', 312.5, 1, 0, '46.012 Mts. con Mz. 26 Huerto. 15 m硬 35.00 Mts. con Mz. 26 Huerto. 187', '45.468 Mts. con Mz. 26 Huerto. 13 m硬 35.00 Mts. con Mz. 26 Huerto. 189', '12.50 Mts. conMz. 27 Huerto. 189', '12.50 Mts. con sendero la ceiba', 0, 0);
INSERT INTO `ceiba_negra`.`lotes` (`id_lote`, `id_manzana`, `lote`, `superficie`, `id_precio`, `vendido`, `col_norte`, `col_sur`, `col_este`, `col_oeste`, `x`, `y`) VALUES (179, 12, '16', 312.5, 1, 0, '46.012 Mts. con Mz. 26 Huerto. 15 m硬 35.00 Mts. con Mz. 26 Huerto. 188', '45.468 Mts. con Mz. 26 Huerto. 13 m硬 35.00 Mts. con Mz. 26 Huerto. 190', '12.50 Mts. conMz. 27 Huerto. 190', '12.50 Mts. con sendero la ceiba', 0, 0);
INSERT INTO `ceiba_negra`.`lotes` (`id_lote`, `id_manzana`, `lote`, `superficie`, `id_precio`, `vendido`, `col_norte`, `col_sur`, `col_este`, `col_oeste`, `x`, `y`) VALUES (180, 12, '17', 312.5, 1, 0, '46.012 Mts. con Mz. 26 Huerto. 15 m硬 35.00 Mts. con Mz. 26 Huerto. 189', '45.468 Mts. con Mz. 26 Huerto. 13 m硬 35.00 Mts. con Mz. 26 Huerto. 191', '12.50 Mts. conMz. 27 Huerto. 191', '12.50 Mts. con sendero la ceiba', 0, 0);
INSERT INTO `ceiba_negra`.`lotes` (`id_lote`, `id_manzana`, `lote`, `superficie`, `id_precio`, `vendido`, `col_norte`, `col_sur`, `col_este`, `col_oeste`, `x`, `y`) VALUES (181, 12, '18', 312.5, 1, 0, '46.012 Mts. con Mz. 26 Huerto. 15 m硬 35.00 Mts. con Mz. 26 Huerto. 190', '45.468 Mts. con Mz. 26 Huerto. 13 m硬 35.00 Mts. con Mz. 26 Huerto. 192', '12.50 Mts. conMz. 27 Huerto. 192', '12.50 Mts. con sendero la ceiba', 0, 0);
INSERT INTO `ceiba_negra`.`lotes` (`id_lote`, `id_manzana`, `lote`, `superficie`, `id_precio`, `vendido`, `col_norte`, `col_sur`, `col_este`, `col_oeste`, `x`, `y`) VALUES (182, 12, '19', 312.5, 1, 0, '46.012 Mts. con Mz. 26 Huerto. 15 m硬 35.00 Mts. con Mz. 26 Huerto. 191', '45.468 Mts. con Mz. 26 Huerto. 13 m硬 35.00 Mts. con Mz. 26 Huerto. 193', '12.50 Mts. conMz. 27 Huerto. 193', '12.50 Mts. con sendero la ceiba', 0, 0);
INSERT INTO `ceiba_negra`.`lotes` (`id_lote`, `id_manzana`, `lote`, `superficie`, `id_precio`, `vendido`, `col_norte`, `col_sur`, `col_este`, `col_oeste`, `x`, `y`) VALUES (183, 12, '20', 312.5, 1, 0, '46.012 Mts. con Mz. 26 Huerto. 15 m硬 35.00 Mts. con Mz. 26 Huerto. 192', '45.468 Mts. con Mz. 26 Huerto. 13 m硬 35.00 Mts. con Mz. 26 Huerto. 194', '12.50 Mts. conMz. 27 Huerto. 194', '12.50 Mts. con sendero la ceiba', 0, 0);
INSERT INTO `ceiba_negra`.`lotes` (`id_lote`, `id_manzana`, `lote`, `superficie`, `id_precio`, `vendido`, `col_norte`, `col_sur`, `col_este`, `col_oeste`, `x`, `y`) VALUES (184, 13, '1', 312.5, 1, 0, '46.012 Mts. con Mz. 26 Huerto. 15 m硬 35.00 Mts. con Mz. 26 Huerto. 193', '45.468 Mts. con Mz. 26 Huerto. 13 m硬 35.00 Mts. con Mz. 26 Huerto. 195', '12.50 Mts. conMz. 27 Huerto. 195', '12.50 Mts. con sendero la ceiba', 0, 0);
INSERT INTO `ceiba_negra`.`lotes` (`id_lote`, `id_manzana`, `lote`, `superficie`, `id_precio`, `vendido`, `col_norte`, `col_sur`, `col_este`, `col_oeste`, `x`, `y`) VALUES (185, 13, '2', 312.5, 1, 0, '46.012 Mts. con Mz. 26 Huerto. 15 m硬 35.00 Mts. con Mz. 26 Huerto. 194', '45.468 Mts. con Mz. 26 Huerto. 13 m硬 35.00 Mts. con Mz. 26 Huerto. 196', '12.50 Mts. conMz. 27 Huerto. 196', '12.50 Mts. con sendero la ceiba', 0, 0);
INSERT INTO `ceiba_negra`.`lotes` (`id_lote`, `id_manzana`, `lote`, `superficie`, `id_precio`, `vendido`, `col_norte`, `col_sur`, `col_este`, `col_oeste`, `x`, `y`) VALUES (186, 13, '3', 312.5, 1, 0, '46.012 Mts. con Mz. 26 Huerto. 15 m硬 35.00 Mts. con Mz. 26 Huerto. 195', '45.468 Mts. con Mz. 26 Huerto. 13 m硬 35.00 Mts. con Mz. 26 Huerto. 197', '12.50 Mts. conMz. 27 Huerto. 197', '12.50 Mts. con sendero la ceiba', 0, 0);
INSERT INTO `ceiba_negra`.`lotes` (`id_lote`, `id_manzana`, `lote`, `superficie`, `id_precio`, `vendido`, `col_norte`, `col_sur`, `col_este`, `col_oeste`, `x`, `y`) VALUES (187, 13, '4', 312.5, 1, 0, '46.012 Mts. con Mz. 26 Huerto. 15 m硬 35.00 Mts. con Mz. 26 Huerto. 196', '45.468 Mts. con Mz. 26 Huerto. 13 m硬 35.00 Mts. con Mz. 26 Huerto. 198', '12.50 Mts. conMz. 27 Huerto. 198', '12.50 Mts. con sendero la ceiba', 0, 0);
INSERT INTO `ceiba_negra`.`lotes` (`id_lote`, `id_manzana`, `lote`, `superficie`, `id_precio`, `vendido`, `col_norte`, `col_sur`, `col_este`, `col_oeste`, `x`, `y`) VALUES (188, 13, '5', 312.5, 1, 0, '46.012 Mts. con Mz. 26 Huerto. 15 m硬 35.00 Mts. con Mz. 26 Huerto. 197', '45.468 Mts. con Mz. 26 Huerto. 13 m硬 35.00 Mts. con Mz. 26 Huerto. 199', '12.50 Mts. conMz. 27 Huerto. 199', '12.50 Mts. con sendero la ceiba', 0, 0);
INSERT INTO `ceiba_negra`.`lotes` (`id_lote`, `id_manzana`, `lote`, `superficie`, `id_precio`, `vendido`, `col_norte`, `col_sur`, `col_este`, `col_oeste`, `x`, `y`) VALUES (189, 13, '6', 312.5, 1, 0, '46.012 Mts. con Mz. 26 Huerto. 15 m硬 35.00 Mts. con Mz. 26 Huerto. 198', '45.468 Mts. con Mz. 26 Huerto. 13 m硬 35.00 Mts. con Mz. 26 Huerto. 200', '12.50 Mts. conMz. 27 Huerto. 200', '12.50 Mts. con sendero la ceiba', 0, 0);
INSERT INTO `ceiba_negra`.`lotes` (`id_lote`, `id_manzana`, `lote`, `superficie`, `id_precio`, `vendido`, `col_norte`, `col_sur`, `col_este`, `col_oeste`, `x`, `y`) VALUES (190, 13, '7', 312.5, 1, 0, '46.012 Mts. con Mz. 26 Huerto. 15 m硬 35.00 Mts. con Mz. 26 Huerto. 199', '45.468 Mts. con Mz. 26 Huerto. 13 m硬 35.00 Mts. con Mz. 26 Huerto. 201', '12.50 Mts. conMz. 27 Huerto. 201', '12.50 Mts. con sendero la ceiba', 0, 0);
INSERT INTO `ceiba_negra`.`lotes` (`id_lote`, `id_manzana`, `lote`, `superficie`, `id_precio`, `vendido`, `col_norte`, `col_sur`, `col_este`, `col_oeste`, `x`, `y`) VALUES (191, 13, '8', 312.5, 1, 0, '46.012 Mts. con Mz. 26 Huerto. 15 m硬 35.00 Mts. con Mz. 26 Huerto. 200', '45.468 Mts. con Mz. 26 Huerto. 13 m硬 35.00 Mts. con Mz. 26 Huerto. 202', '12.50 Mts. conMz. 27 Huerto. 202', '12.50 Mts. con sendero la ceiba', 0, 0);
INSERT INTO `ceiba_negra`.`lotes` (`id_lote`, `id_manzana`, `lote`, `superficie`, `id_precio`, `vendido`, `col_norte`, `col_sur`, `col_este`, `col_oeste`, `x`, `y`) VALUES (192, 13, '9', 312.5, 1, 0, '46.012 Mts. con Mz. 26 Huerto. 15 m硬 35.00 Mts. con Mz. 26 Huerto. 201', '45.468 Mts. con Mz. 26 Huerto. 13 m硬 35.00 Mts. con Mz. 26 Huerto. 203', '12.50 Mts. conMz. 27 Huerto. 203', '12.50 Mts. con sendero la ceiba', 0, 0);
INSERT INTO `ceiba_negra`.`lotes` (`id_lote`, `id_manzana`, `lote`, `superficie`, `id_precio`, `vendido`, `col_norte`, `col_sur`, `col_este`, `col_oeste`, `x`, `y`) VALUES (193, 13, '10', 312.5, 1, 0, '46.012 Mts. con Mz. 26 Huerto. 15 m硬 35.00 Mts. con Mz. 26 Huerto. 202', '45.468 Mts. con Mz. 26 Huerto. 13 m硬 35.00 Mts. con Mz. 26 Huerto. 204', '12.50 Mts. conMz. 27 Huerto. 204', '12.50 Mts. con sendero la ceiba', 0, 0);
INSERT INTO `ceiba_negra`.`lotes` (`id_lote`, `id_manzana`, `lote`, `superficie`, `id_precio`, `vendido`, `col_norte`, `col_sur`, `col_este`, `col_oeste`, `x`, `y`) VALUES (194, 13, '11', 312.5, 1, 0, '46.012 Mts. con Mz. 26 Huerto. 15 m硬 35.00 Mts. con Mz. 26 Huerto. 203', '45.468 Mts. con Mz. 26 Huerto. 13 m硬 35.00 Mts. con Mz. 26 Huerto. 205', '12.50 Mts. conMz. 27 Huerto. 205', '12.50 Mts. con sendero la ceiba', 0, 0);
INSERT INTO `ceiba_negra`.`lotes` (`id_lote`, `id_manzana`, `lote`, `superficie`, `id_precio`, `vendido`, `col_norte`, `col_sur`, `col_este`, `col_oeste`, `x`, `y`) VALUES (195, 13, '12', 312.5, 1, 0, '46.012 Mts. con Mz. 26 Huerto. 15 m硬 35.00 Mts. con Mz. 26 Huerto. 204', '45.468 Mts. con Mz. 26 Huerto. 13 m硬 35.00 Mts. con Mz. 26 Huerto. 206', '12.50 Mts. conMz. 27 Huerto. 206', '12.50 Mts. con sendero la ceiba', 0, 0);
INSERT INTO `ceiba_negra`.`lotes` (`id_lote`, `id_manzana`, `lote`, `superficie`, `id_precio`, `vendido`, `col_norte`, `col_sur`, `col_este`, `col_oeste`, `x`, `y`) VALUES (196, 13, '13', 312.5, 1, 0, '46.012 Mts. con Mz. 26 Huerto. 15 m硬 35.00 Mts. con Mz. 26 Huerto. 205', '45.468 Mts. con Mz. 26 Huerto. 13 m硬 35.00 Mts. con Mz. 26 Huerto. 207', '12.50 Mts. conMz. 27 Huerto. 207', '12.50 Mts. con sendero la ceiba', 0, 0);
INSERT INTO `ceiba_negra`.`lotes` (`id_lote`, `id_manzana`, `lote`, `superficie`, `id_precio`, `vendido`, `col_norte`, `col_sur`, `col_este`, `col_oeste`, `x`, `y`) VALUES (197, 13, '14', 312.5, 1, 0, '46.012 Mts. con Mz. 26 Huerto. 15 m硬 35.00 Mts. con Mz. 26 Huerto. 206', '45.468 Mts. con Mz. 26 Huerto. 13 m硬 35.00 Mts. con Mz. 26 Huerto. 208', '12.50 Mts. conMz. 27 Huerto. 208', '12.50 Mts. con sendero la ceiba', 0, 0);
INSERT INTO `ceiba_negra`.`lotes` (`id_lote`, `id_manzana`, `lote`, `superficie`, `id_precio`, `vendido`, `col_norte`, `col_sur`, `col_este`, `col_oeste`, `x`, `y`) VALUES (198, 13, '15', 312.5, 1, 0, '46.012 Mts. con Mz. 26 Huerto. 15 m硬 35.00 Mts. con Mz. 26 Huerto. 207', '45.468 Mts. con Mz. 26 Huerto. 13 m硬 35.00 Mts. con Mz. 26 Huerto. 209', '12.50 Mts. conMz. 27 Huerto. 209', '12.50 Mts. con sendero la ceiba', 0, 0);
INSERT INTO `ceiba_negra`.`lotes` (`id_lote`, `id_manzana`, `lote`, `superficie`, `id_precio`, `vendido`, `col_norte`, `col_sur`, `col_este`, `col_oeste`, `x`, `y`) VALUES (199, 13, '16', 312.5, 1, 0, '46.012 Mts. con Mz. 26 Huerto. 15 m硬 35.00 Mts. con Mz. 26 Huerto. 208', '45.468 Mts. con Mz. 26 Huerto. 13 m硬 35.00 Mts. con Mz. 26 Huerto. 210', '12.50 Mts. conMz. 27 Huerto. 210', '12.50 Mts. con sendero la ceiba', 0, 0);
INSERT INTO `ceiba_negra`.`lotes` (`id_lote`, `id_manzana`, `lote`, `superficie`, `id_precio`, `vendido`, `col_norte`, `col_sur`, `col_este`, `col_oeste`, `x`, `y`) VALUES (200, 13, '17', 312.5, 1, 0, '46.012 Mts. con Mz. 26 Huerto. 15 m硬 35.00 Mts. con Mz. 26 Huerto. 209', '45.468 Mts. con Mz. 26 Huerto. 13 m硬 35.00 Mts. con Mz. 26 Huerto. 211', '12.50 Mts. conMz. 27 Huerto. 211', '12.50 Mts. con sendero la ceiba', 0, 0);
INSERT INTO `ceiba_negra`.`lotes` (`id_lote`, `id_manzana`, `lote`, `superficie`, `id_precio`, `vendido`, `col_norte`, `col_sur`, `col_este`, `col_oeste`, `x`, `y`) VALUES (201, 13, '18', 312.5, 1, 0, '46.012 Mts. con Mz. 26 Huerto. 15 m硬 35.00 Mts. con Mz. 26 Huerto. 210', '45.468 Mts. con Mz. 26 Huerto. 13 m硬 35.00 Mts. con Mz. 26 Huerto. 212', '12.50 Mts. conMz. 27 Huerto. 212', '12.50 Mts. con sendero la ceiba', 0, 0);
INSERT INTO `ceiba_negra`.`lotes` (`id_lote`, `id_manzana`, `lote`, `superficie`, `id_precio`, `vendido`, `col_norte`, `col_sur`, `col_este`, `col_oeste`, `x`, `y`) VALUES (202, 13, '19', 312.5, 1, 0, '46.012 Mts. con Mz. 26 Huerto. 15 m硬 35.00 Mts. con Mz. 26 Huerto. 211', '45.468 Mts. con Mz. 26 Huerto. 13 m硬 35.00 Mts. con Mz. 26 Huerto. 213', '12.50 Mts. conMz. 27 Huerto. 213', '12.50 Mts. con sendero la ceiba', 0, 0);
INSERT INTO `ceiba_negra`.`lotes` (`id_lote`, `id_manzana`, `lote`, `superficie`, `id_precio`, `vendido`, `col_norte`, `col_sur`, `col_este`, `col_oeste`, `x`, `y`) VALUES (203, 13, '20', 312.5, 1, 0, '46.012 Mts. con Mz. 26 Huerto. 15 m硬 35.00 Mts. con Mz. 26 Huerto. 212', '45.468 Mts. con Mz. 26 Huerto. 13 m硬 35.00 Mts. con Mz. 26 Huerto. 214', '12.50 Mts. conMz. 27 Huerto. 214', '12.50 Mts. con sendero la ceiba', 0, 0);
INSERT INTO `ceiba_negra`.`lotes` (`id_lote`, `id_manzana`, `lote`, `superficie`, `id_precio`, `vendido`, `col_norte`, `col_sur`, `col_este`, `col_oeste`, `x`, `y`) VALUES (204, 14, '1', 312.5, 1, 0, '46.012 Mts. con Mz. 26 Huerto. 15 m硬 35.00 Mts. con Mz. 26 Huerto. 213', '45.468 Mts. con Mz. 26 Huerto. 13 m硬 35.00 Mts. con Mz. 26 Huerto. 215', '12.50 Mts. conMz. 27 Huerto. 215', '12.50 Mts. con sendero la ceiba', 0, 0);
INSERT INTO `ceiba_negra`.`lotes` (`id_lote`, `id_manzana`, `lote`, `superficie`, `id_precio`, `vendido`, `col_norte`, `col_sur`, `col_este`, `col_oeste`, `x`, `y`) VALUES (205, 14, '2', 312.5, 1, 0, '46.012 Mts. con Mz. 26 Huerto. 15 m硬 35.00 Mts. con Mz. 26 Huerto. 214', '45.468 Mts. con Mz. 26 Huerto. 13 m硬 35.00 Mts. con Mz. 26 Huerto. 216', '12.50 Mts. conMz. 27 Huerto. 216', '12.50 Mts. con sendero la ceiba', 0, 0);
INSERT INTO `ceiba_negra`.`lotes` (`id_lote`, `id_manzana`, `lote`, `superficie`, `id_precio`, `vendido`, `col_norte`, `col_sur`, `col_este`, `col_oeste`, `x`, `y`) VALUES (206, 14, '3', 312.5, 1, 0, '46.012 Mts. con Mz. 26 Huerto. 15 m硬 35.00 Mts. con Mz. 26 Huerto. 215', '45.468 Mts. con Mz. 26 Huerto. 13 m硬 35.00 Mts. con Mz. 26 Huerto. 217', '12.50 Mts. conMz. 27 Huerto. 217', '12.50 Mts. con sendero la ceiba', 0, 0);
INSERT INTO `ceiba_negra`.`lotes` (`id_lote`, `id_manzana`, `lote`, `superficie`, `id_precio`, `vendido`, `col_norte`, `col_sur`, `col_este`, `col_oeste`, `x`, `y`) VALUES (207, 14, '4', 312.5, 1, 0, '46.012 Mts. con Mz. 26 Huerto. 15 m硬 35.00 Mts. con Mz. 26 Huerto. 216', '45.468 Mts. con Mz. 26 Huerto. 13 m硬 35.00 Mts. con Mz. 26 Huerto. 218', '12.50 Mts. conMz. 27 Huerto. 218', '12.50 Mts. con sendero la ceiba', 0, 0);
INSERT INTO `ceiba_negra`.`lotes` (`id_lote`, `id_manzana`, `lote`, `superficie`, `id_precio`, `vendido`, `col_norte`, `col_sur`, `col_este`, `col_oeste`, `x`, `y`) VALUES (208, 14, '5', 312.5, 1, 0, '46.012 Mts. con Mz. 26 Huerto. 15 m硬 35.00 Mts. con Mz. 26 Huerto. 217', '45.468 Mts. con Mz. 26 Huerto. 13 m硬 35.00 Mts. con Mz. 26 Huerto. 219', '12.50 Mts. conMz. 27 Huerto. 219', '12.50 Mts. con sendero la ceiba', 0, 0);
INSERT INTO `ceiba_negra`.`lotes` (`id_lote`, `id_manzana`, `lote`, `superficie`, `id_precio`, `vendido`, `col_norte`, `col_sur`, `col_este`, `col_oeste`, `x`, `y`) VALUES (209, 14, '6', 312.5, 1, 0, '46.012 Mts. con Mz. 26 Huerto. 15 m硬 35.00 Mts. con Mz. 26 Huerto. 218', '45.468 Mts. con Mz. 26 Huerto. 13 m硬 35.00 Mts. con Mz. 26 Huerto. 220', '12.50 Mts. conMz. 27 Huerto. 220', '12.50 Mts. con sendero la ceiba', 0, 0);
INSERT INTO `ceiba_negra`.`lotes` (`id_lote`, `id_manzana`, `lote`, `superficie`, `id_precio`, `vendido`, `col_norte`, `col_sur`, `col_este`, `col_oeste`, `x`, `y`) VALUES (210, 14, '7', 312.5, 1, 0, '46.012 Mts. con Mz. 26 Huerto. 15 m硬 35.00 Mts. con Mz. 26 Huerto. 219', '45.468 Mts. con Mz. 26 Huerto. 13 m硬 35.00 Mts. con Mz. 26 Huerto. 221', '12.50 Mts. conMz. 27 Huerto. 221', '12.50 Mts. con sendero la ceiba', 0, 0);
INSERT INTO `ceiba_negra`.`lotes` (`id_lote`, `id_manzana`, `lote`, `superficie`, `id_precio`, `vendido`, `col_norte`, `col_sur`, `col_este`, `col_oeste`, `x`, `y`) VALUES (211, 14, '8', 312.5, 1, 0, '46.012 Mts. con Mz. 26 Huerto. 15 m硬 35.00 Mts. con Mz. 26 Huerto. 220', '45.468 Mts. con Mz. 26 Huerto. 13 m硬 35.00 Mts. con Mz. 26 Huerto. 222', '12.50 Mts. conMz. 27 Huerto. 222', '12.50 Mts. con sendero la ceiba', 0, 0);
INSERT INTO `ceiba_negra`.`lotes` (`id_lote`, `id_manzana`, `lote`, `superficie`, `id_precio`, `vendido`, `col_norte`, `col_sur`, `col_este`, `col_oeste`, `x`, `y`) VALUES (212, 14, '9', 312.5, 1, 0, '46.012 Mts. con Mz. 26 Huerto. 15 m硬 35.00 Mts. con Mz. 26 Huerto. 221', '45.468 Mts. con Mz. 26 Huerto. 13 m硬 35.00 Mts. con Mz. 26 Huerto. 223', '12.50 Mts. conMz. 27 Huerto. 223', '12.50 Mts. con sendero la ceiba', 0, 0);
INSERT INTO `ceiba_negra`.`lotes` (`id_lote`, `id_manzana`, `lote`, `superficie`, `id_precio`, `vendido`, `col_norte`, `col_sur`, `col_este`, `col_oeste`, `x`, `y`) VALUES (213, 14, '10', 312.5, 1, 0, '46.012 Mts. con Mz. 26 Huerto. 15 m硬 35.00 Mts. con Mz. 26 Huerto. 222', '45.468 Mts. con Mz. 26 Huerto. 13 m硬 35.00 Mts. con Mz. 26 Huerto. 224', '12.50 Mts. conMz. 27 Huerto. 224', '12.50 Mts. con sendero la ceiba', 0, 0);
INSERT INTO `ceiba_negra`.`lotes` (`id_lote`, `id_manzana`, `lote`, `superficie`, `id_precio`, `vendido`, `col_norte`, `col_sur`, `col_este`, `col_oeste`, `x`, `y`) VALUES (214, 14, '11', 312.5, 1, 0, '46.012 Mts. con Mz. 26 Huerto. 15 m硬 35.00 Mts. con Mz. 26 Huerto. 223', '45.468 Mts. con Mz. 26 Huerto. 13 m硬 35.00 Mts. con Mz. 26 Huerto. 225', '12.50 Mts. conMz. 27 Huerto. 225', '12.50 Mts. con sendero la ceiba', 0, 0);
INSERT INTO `ceiba_negra`.`lotes` (`id_lote`, `id_manzana`, `lote`, `superficie`, `id_precio`, `vendido`, `col_norte`, `col_sur`, `col_este`, `col_oeste`, `x`, `y`) VALUES (215, 14, '12', 312.5, 1, 0, '46.012 Mts. con Mz. 26 Huerto. 15 m硬 35.00 Mts. con Mz. 26 Huerto. 224', '45.468 Mts. con Mz. 26 Huerto. 13 m硬 35.00 Mts. con Mz. 26 Huerto. 226', '12.50 Mts. conMz. 27 Huerto. 226', '12.50 Mts. con sendero la ceiba', 0, 0);
INSERT INTO `ceiba_negra`.`lotes` (`id_lote`, `id_manzana`, `lote`, `superficie`, `id_precio`, `vendido`, `col_norte`, `col_sur`, `col_este`, `col_oeste`, `x`, `y`) VALUES (216, 14, '13', 312.5, 1, 0, '46.012 Mts. con Mz. 26 Huerto. 15 m硬 35.00 Mts. con Mz. 26 Huerto. 225', '45.468 Mts. con Mz. 26 Huerto. 13 m硬 35.00 Mts. con Mz. 26 Huerto. 227', '12.50 Mts. conMz. 27 Huerto. 227', '12.50 Mts. con sendero la ceiba', 0, 0);
INSERT INTO `ceiba_negra`.`lotes` (`id_lote`, `id_manzana`, `lote`, `superficie`, `id_precio`, `vendido`, `col_norte`, `col_sur`, `col_este`, `col_oeste`, `x`, `y`) VALUES (217, 14, '14', 312.5, 1, 0, '46.012 Mts. con Mz. 26 Huerto. 15 m硬 35.00 Mts. con Mz. 26 Huerto. 226', '45.468 Mts. con Mz. 26 Huerto. 13 m硬 35.00 Mts. con Mz. 26 Huerto. 228', '12.50 Mts. conMz. 27 Huerto. 228', '12.50 Mts. con sendero la ceiba', 0, 0);
INSERT INTO `ceiba_negra`.`lotes` (`id_lote`, `id_manzana`, `lote`, `superficie`, `id_precio`, `vendido`, `col_norte`, `col_sur`, `col_este`, `col_oeste`, `x`, `y`) VALUES (218, 14, '15', 312.5, 1, 0, '46.012 Mts. con Mz. 26 Huerto. 15 m硬 35.00 Mts. con Mz. 26 Huerto. 227', '45.468 Mts. con Mz. 26 Huerto. 13 m硬 35.00 Mts. con Mz. 26 Huerto. 229', '12.50 Mts. conMz. 27 Huerto. 229', '12.50 Mts. con sendero la ceiba', 0, 0);
INSERT INTO `ceiba_negra`.`lotes` (`id_lote`, `id_manzana`, `lote`, `superficie`, `id_precio`, `vendido`, `col_norte`, `col_sur`, `col_este`, `col_oeste`, `x`, `y`) VALUES (219, 14, '16', 312.5, 1, 0, '46.012 Mts. con Mz. 26 Huerto. 15 m硬 35.00 Mts. con Mz. 26 Huerto. 228', '45.468 Mts. con Mz. 26 Huerto. 13 m硬 35.00 Mts. con Mz. 26 Huerto. 230', '12.50 Mts. conMz. 27 Huerto. 230', '12.50 Mts. con sendero la ceiba', 0, 0);
INSERT INTO `ceiba_negra`.`lotes` (`id_lote`, `id_manzana`, `lote`, `superficie`, `id_precio`, `vendido`, `col_norte`, `col_sur`, `col_este`, `col_oeste`, `x`, `y`) VALUES (220, 14, '17', 312.5, 1, 0, '46.012 Mts. con Mz. 26 Huerto. 15 m硬 35.00 Mts. con Mz. 26 Huerto. 229', '45.468 Mts. con Mz. 26 Huerto. 13 m硬 35.00 Mts. con Mz. 26 Huerto. 231', '12.50 Mts. conMz. 27 Huerto. 231', '12.50 Mts. con sendero la ceiba', 0, 0);
INSERT INTO `ceiba_negra`.`lotes` (`id_lote`, `id_manzana`, `lote`, `superficie`, `id_precio`, `vendido`, `col_norte`, `col_sur`, `col_este`, `col_oeste`, `x`, `y`) VALUES (221, 14, '18', 312.5, 1, 0, '46.012 Mts. con Mz. 26 Huerto. 15 m硬 35.00 Mts. con Mz. 26 Huerto. 230', '45.468 Mts. con Mz. 26 Huerto. 13 m硬 35.00 Mts. con Mz. 26 Huerto. 232', '12.50 Mts. conMz. 27 Huerto. 232', '12.50 Mts. con sendero la ceiba', 0, 0);
INSERT INTO `ceiba_negra`.`lotes` (`id_lote`, `id_manzana`, `lote`, `superficie`, `id_precio`, `vendido`, `col_norte`, `col_sur`, `col_este`, `col_oeste`, `x`, `y`) VALUES (222, 14, '19', 312.5, 1, 0, '46.012 Mts. con Mz. 26 Huerto. 15 m硬 35.00 Mts. con Mz. 26 Huerto. 231', '45.468 Mts. con Mz. 26 Huerto. 13 m硬 35.00 Mts. con Mz. 26 Huerto. 233', '12.50 Mts. conMz. 27 Huerto. 233', '12.50 Mts. con sendero la ceiba', 0, 0);
INSERT INTO `ceiba_negra`.`lotes` (`id_lote`, `id_manzana`, `lote`, `superficie`, `id_precio`, `vendido`, `col_norte`, `col_sur`, `col_este`, `col_oeste`, `x`, `y`) VALUES (223, 14, '20', 312.5, 1, 0, '46.012 Mts. con Mz. 26 Huerto. 15 m硬 35.00 Mts. con Mz. 26 Huerto. 232', '45.468 Mts. con Mz. 26 Huerto. 13 m硬 35.00 Mts. con Mz. 26 Huerto. 234', '12.50 Mts. conMz. 27 Huerto. 234', '12.50 Mts. con sendero la ceiba', 0, 0);
INSERT INTO `ceiba_negra`.`lotes` (`id_lote`, `id_manzana`, `lote`, `superficie`, `id_precio`, `vendido`, `col_norte`, `col_sur`, `col_este`, `col_oeste`, `x`, `y`) VALUES (224, 15, '1', 312.5, 1, 0, '46.012 Mts. con Mz. 26 Huerto. 15 m硬 35.00 Mts. con Mz. 26 Huerto. 233', '45.468 Mts. con Mz. 26 Huerto. 13 m硬 35.00 Mts. con Mz. 26 Huerto. 235', '12.50 Mts. conMz. 27 Huerto. 235', '12.50 Mts. con sendero la ceiba', 0, 0);
INSERT INTO `ceiba_negra`.`lotes` (`id_lote`, `id_manzana`, `lote`, `superficie`, `id_precio`, `vendido`, `col_norte`, `col_sur`, `col_este`, `col_oeste`, `x`, `y`) VALUES (225, 15, '2', 312.5, 1, 0, '46.012 Mts. con Mz. 26 Huerto. 15 m硬 35.00 Mts. con Mz. 26 Huerto. 234', '45.468 Mts. con Mz. 26 Huerto. 13 m硬 35.00 Mts. con Mz. 26 Huerto. 236', '12.50 Mts. conMz. 27 Huerto. 236', '12.50 Mts. con sendero la ceiba', 0, 0);
INSERT INTO `ceiba_negra`.`lotes` (`id_lote`, `id_manzana`, `lote`, `superficie`, `id_precio`, `vendido`, `col_norte`, `col_sur`, `col_este`, `col_oeste`, `x`, `y`) VALUES (226, 15, '3', 312.5, 1, 0, '46.012 Mts. con Mz. 26 Huerto. 15 m硬 35.00 Mts. con Mz. 26 Huerto. 235', '45.468 Mts. con Mz. 26 Huerto. 13 m硬 35.00 Mts. con Mz. 26 Huerto. 237', '12.50 Mts. conMz. 27 Huerto. 237', '12.50 Mts. con sendero la ceiba', 0, 0);
INSERT INTO `ceiba_negra`.`lotes` (`id_lote`, `id_manzana`, `lote`, `superficie`, `id_precio`, `vendido`, `col_norte`, `col_sur`, `col_este`, `col_oeste`, `x`, `y`) VALUES (227, 15, '4', 312.5, 1, 0, '46.012 Mts. con Mz. 26 Huerto. 15 m硬 35.00 Mts. con Mz. 26 Huerto. 236', '45.468 Mts. con Mz. 26 Huerto. 13 m硬 35.00 Mts. con Mz. 26 Huerto. 238', '12.50 Mts. conMz. 27 Huerto. 238', '12.50 Mts. con sendero la ceiba', 0, 0);
INSERT INTO `ceiba_negra`.`lotes` (`id_lote`, `id_manzana`, `lote`, `superficie`, `id_precio`, `vendido`, `col_norte`, `col_sur`, `col_este`, `col_oeste`, `x`, `y`) VALUES (228, 15, '5', 312.5, 1, 0, '46.012 Mts. con Mz. 26 Huerto. 15 m硬 35.00 Mts. con Mz. 26 Huerto. 237', '45.468 Mts. con Mz. 26 Huerto. 13 m硬 35.00 Mts. con Mz. 26 Huerto. 239', '12.50 Mts. conMz. 27 Huerto. 239', '12.50 Mts. con sendero la ceiba', 0, 0);
INSERT INTO `ceiba_negra`.`lotes` (`id_lote`, `id_manzana`, `lote`, `superficie`, `id_precio`, `vendido`, `col_norte`, `col_sur`, `col_este`, `col_oeste`, `x`, `y`) VALUES (229, 15, '6', 312.5, 1, 0, '46.012 Mts. con Mz. 26 Huerto. 15 m硬 35.00 Mts. con Mz. 26 Huerto. 238', '45.468 Mts. con Mz. 26 Huerto. 13 m硬 35.00 Mts. con Mz. 26 Huerto. 240', '12.50 Mts. conMz. 27 Huerto. 240', '12.50 Mts. con sendero la ceiba', 0, 0);
INSERT INTO `ceiba_negra`.`lotes` (`id_lote`, `id_manzana`, `lote`, `superficie`, `id_precio`, `vendido`, `col_norte`, `col_sur`, `col_este`, `col_oeste`, `x`, `y`) VALUES (230, 15, '7', 312.5, 1, 0, '46.012 Mts. con Mz. 26 Huerto. 15 m硬 35.00 Mts. con Mz. 26 Huerto. 239', '45.468 Mts. con Mz. 26 Huerto. 13 m硬 35.00 Mts. con Mz. 26 Huerto. 241', '12.50 Mts. conMz. 27 Huerto. 241', '12.50 Mts. con sendero la ceiba', 0, 0);
INSERT INTO `ceiba_negra`.`lotes` (`id_lote`, `id_manzana`, `lote`, `superficie`, `id_precio`, `vendido`, `col_norte`, `col_sur`, `col_este`, `col_oeste`, `x`, `y`) VALUES (231, 15, '8', 312.5, 1, 0, '46.012 Mts. con Mz. 26 Huerto. 15 m硬 35.00 Mts. con Mz. 26 Huerto. 240', '45.468 Mts. con Mz. 26 Huerto. 13 m硬 35.00 Mts. con Mz. 26 Huerto. 242', '12.50 Mts. conMz. 27 Huerto. 242', '12.50 Mts. con sendero la ceiba', 0, 0);
INSERT INTO `ceiba_negra`.`lotes` (`id_lote`, `id_manzana`, `lote`, `superficie`, `id_precio`, `vendido`, `col_norte`, `col_sur`, `col_este`, `col_oeste`, `x`, `y`) VALUES (232, 15, '9', 312.5, 1, 0, '46.012 Mts. con Mz. 26 Huerto. 15 m硬 35.00 Mts. con Mz. 26 Huerto. 241', '45.468 Mts. con Mz. 26 Huerto. 13 m硬 35.00 Mts. con Mz. 26 Huerto. 243', '12.50 Mts. conMz. 27 Huerto. 243', '12.50 Mts. con sendero la ceiba', 0, 0);
INSERT INTO `ceiba_negra`.`lotes` (`id_lote`, `id_manzana`, `lote`, `superficie`, `id_precio`, `vendido`, `col_norte`, `col_sur`, `col_este`, `col_oeste`, `x`, `y`) VALUES (233, 15, '10', 312.5, 1, 0, '46.012 Mts. con Mz. 26 Huerto. 15 m硬 35.00 Mts. con Mz. 26 Huerto. 242', '45.468 Mts. con Mz. 26 Huerto. 13 m硬 35.00 Mts. con Mz. 26 Huerto. 244', '12.50 Mts. conMz. 27 Huerto. 244', '12.50 Mts. con sendero la ceiba', 0, 0);
INSERT INTO `ceiba_negra`.`lotes` (`id_lote`, `id_manzana`, `lote`, `superficie`, `id_precio`, `vendido`, `col_norte`, `col_sur`, `col_este`, `col_oeste`, `x`, `y`) VALUES (234, 15, '11', 312.5, 1, 0, '46.012 Mts. con Mz. 26 Huerto. 15 m硬 35.00 Mts. con Mz. 26 Huerto. 243', '45.468 Mts. con Mz. 26 Huerto. 13 m硬 35.00 Mts. con Mz. 26 Huerto. 245', '12.50 Mts. conMz. 27 Huerto. 245', '12.50 Mts. con sendero la ceiba', 0, 0);
INSERT INTO `ceiba_negra`.`lotes` (`id_lote`, `id_manzana`, `lote`, `superficie`, `id_precio`, `vendido`, `col_norte`, `col_sur`, `col_este`, `col_oeste`, `x`, `y`) VALUES (235, 15, '12', 312.5, 1, 0, '46.012 Mts. con Mz. 26 Huerto. 15 m硬 35.00 Mts. con Mz. 26 Huerto. 244', '45.468 Mts. con Mz. 26 Huerto. 13 m硬 35.00 Mts. con Mz. 26 Huerto. 246', '12.50 Mts. conMz. 27 Huerto. 246', '12.50 Mts. con sendero la ceiba', 0, 0);
INSERT INTO `ceiba_negra`.`lotes` (`id_lote`, `id_manzana`, `lote`, `superficie`, `id_precio`, `vendido`, `col_norte`, `col_sur`, `col_este`, `col_oeste`, `x`, `y`) VALUES (236, 15, '13', 312.5, 1, 0, '46.012 Mts. con Mz. 26 Huerto. 15 m硬 35.00 Mts. con Mz. 26 Huerto. 245', '45.468 Mts. con Mz. 26 Huerto. 13 m硬 35.00 Mts. con Mz. 26 Huerto. 247', '12.50 Mts. conMz. 27 Huerto. 247', '12.50 Mts. con sendero la ceiba', 0, 0);
INSERT INTO `ceiba_negra`.`lotes` (`id_lote`, `id_manzana`, `lote`, `superficie`, `id_precio`, `vendido`, `col_norte`, `col_sur`, `col_este`, `col_oeste`, `x`, `y`) VALUES (237, 15, '14', 312.5, 1, 0, '46.012 Mts. con Mz. 26 Huerto. 15 m硬 35.00 Mts. con Mz. 26 Huerto. 246', '45.468 Mts. con Mz. 26 Huerto. 13 m硬 35.00 Mts. con Mz. 26 Huerto. 248', '12.50 Mts. conMz. 27 Huerto. 248', '12.50 Mts. con sendero la ceiba', 0, 0);
INSERT INTO `ceiba_negra`.`lotes` (`id_lote`, `id_manzana`, `lote`, `superficie`, `id_precio`, `vendido`, `col_norte`, `col_sur`, `col_este`, `col_oeste`, `x`, `y`) VALUES (238, 15, '15', 312.5, 1, 0, '46.012 Mts. con Mz. 26 Huerto. 15 m硬 35.00 Mts. con Mz. 26 Huerto. 247', '45.468 Mts. con Mz. 26 Huerto. 13 m硬 35.00 Mts. con Mz. 26 Huerto. 249', '12.50 Mts. conMz. 27 Huerto. 249', '12.50 Mts. con sendero la ceiba', 0, 0);
INSERT INTO `ceiba_negra`.`lotes` (`id_lote`, `id_manzana`, `lote`, `superficie`, `id_precio`, `vendido`, `col_norte`, `col_sur`, `col_este`, `col_oeste`, `x`, `y`) VALUES (239, 15, '16', 312.5, 1, 0, '46.012 Mts. con Mz. 26 Huerto. 15 m硬 35.00 Mts. con Mz. 26 Huerto. 248', '45.468 Mts. con Mz. 26 Huerto. 13 m硬 35.00 Mts. con Mz. 26 Huerto. 250', '12.50 Mts. conMz. 27 Huerto. 250', '12.50 Mts. con sendero la ceiba', 0, 0);
INSERT INTO `ceiba_negra`.`lotes` (`id_lote`, `id_manzana`, `lote`, `superficie`, `id_precio`, `vendido`, `col_norte`, `col_sur`, `col_este`, `col_oeste`, `x`, `y`) VALUES (240, 15, '17', 312.5, 1, 0, '46.012 Mts. con Mz. 26 Huerto. 15 m硬 35.00 Mts. con Mz. 26 Huerto. 249', '45.468 Mts. con Mz. 26 Huerto. 13 m硬 35.00 Mts. con Mz. 26 Huerto. 251', '12.50 Mts. conMz. 27 Huerto. 251', '12.50 Mts. con sendero la ceiba', 0, 0);
INSERT INTO `ceiba_negra`.`lotes` (`id_lote`, `id_manzana`, `lote`, `superficie`, `id_precio`, `vendido`, `col_norte`, `col_sur`, `col_este`, `col_oeste`, `x`, `y`) VALUES (241, 15, '18', 312.5, 1, 0, '46.012 Mts. con Mz. 26 Huerto. 15 m硬 35.00 Mts. con Mz. 26 Huerto. 250', '45.468 Mts. con Mz. 26 Huerto. 13 m硬 35.00 Mts. con Mz. 26 Huerto. 252', '12.50 Mts. conMz. 27 Huerto. 252', '12.50 Mts. con sendero la ceiba', 0, 0);
INSERT INTO `ceiba_negra`.`lotes` (`id_lote`, `id_manzana`, `lote`, `superficie`, `id_precio`, `vendido`, `col_norte`, `col_sur`, `col_este`, `col_oeste`, `x`, `y`) VALUES (242, 15, '19', 312.5, 1, 0, '46.012 Mts. con Mz. 26 Huerto. 15 m硬 35.00 Mts. con Mz. 26 Huerto. 251', '45.468 Mts. con Mz. 26 Huerto. 13 m硬 35.00 Mts. con Mz. 26 Huerto. 253', '12.50 Mts. conMz. 27 Huerto. 253', '12.50 Mts. con sendero la ceiba', 0, 0);
INSERT INTO `ceiba_negra`.`lotes` (`id_lote`, `id_manzana`, `lote`, `superficie`, `id_precio`, `vendido`, `col_norte`, `col_sur`, `col_este`, `col_oeste`, `x`, `y`) VALUES (243, 15, '20', 312.5, 1, 0, '46.012 Mts. con Mz. 26 Huerto. 15 m硬 35.00 Mts. con Mz. 26 Huerto. 252', '45.468 Mts. con Mz. 26 Huerto. 13 m硬 35.00 Mts. con Mz. 26 Huerto. 254', '12.50 Mts. conMz. 27 Huerto. 254', '12.50 Mts. con sendero la ceiba', 0, 0);
INSERT INTO `ceiba_negra`.`lotes` (`id_lote`, `id_manzana`, `lote`, `superficie`, `id_precio`, `vendido`, `col_norte`, `col_sur`, `col_este`, `col_oeste`, `x`, `y`) VALUES (244, 16, '1', 312.5, 1, 0, '46.012 Mts. con Mz. 26 Huerto. 15 m硬 35.00 Mts. con Mz. 26 Huerto. 253', '45.468 Mts. con Mz. 26 Huerto. 13 m硬 35.00 Mts. con Mz. 26 Huerto. 255', '12.50 Mts. conMz. 27 Huerto. 255', '12.50 Mts. con sendero la ceiba', 0, 0);
INSERT INTO `ceiba_negra`.`lotes` (`id_lote`, `id_manzana`, `lote`, `superficie`, `id_precio`, `vendido`, `col_norte`, `col_sur`, `col_este`, `col_oeste`, `x`, `y`) VALUES (245, 16, '2', 312.5, 1, 0, '46.012 Mts. con Mz. 26 Huerto. 15 m硬 35.00 Mts. con Mz. 26 Huerto. 254', '45.468 Mts. con Mz. 26 Huerto. 13 m硬 35.00 Mts. con Mz. 26 Huerto. 256', '12.50 Mts. conMz. 27 Huerto. 256', '12.50 Mts. con sendero la ceiba', 0, 0);
INSERT INTO `ceiba_negra`.`lotes` (`id_lote`, `id_manzana`, `lote`, `superficie`, `id_precio`, `vendido`, `col_norte`, `col_sur`, `col_este`, `col_oeste`, `x`, `y`) VALUES (246, 16, '3', 312.5, 1, 0, '46.012 Mts. con Mz. 26 Huerto. 15 m硬 35.00 Mts. con Mz. 26 Huerto. 255', '45.468 Mts. con Mz. 26 Huerto. 13 m硬 35.00 Mts. con Mz. 26 Huerto. 257', '12.50 Mts. conMz. 27 Huerto. 257', '12.50 Mts. con sendero la ceiba', 0, 0);
INSERT INTO `ceiba_negra`.`lotes` (`id_lote`, `id_manzana`, `lote`, `superficie`, `id_precio`, `vendido`, `col_norte`, `col_sur`, `col_este`, `col_oeste`, `x`, `y`) VALUES (247, 16, '4', 312.5, 1, 0, '46.012 Mts. con Mz. 26 Huerto. 15 m硬 35.00 Mts. con Mz. 26 Huerto. 256', '45.468 Mts. con Mz. 26 Huerto. 13 m硬 35.00 Mts. con Mz. 26 Huerto. 258', '12.50 Mts. conMz. 27 Huerto. 258', '12.50 Mts. con sendero la ceiba', 0, 0);
INSERT INTO `ceiba_negra`.`lotes` (`id_lote`, `id_manzana`, `lote`, `superficie`, `id_precio`, `vendido`, `col_norte`, `col_sur`, `col_este`, `col_oeste`, `x`, `y`) VALUES (248, 16, '5', 312.5, 1, 0, '46.012 Mts. con Mz. 26 Huerto. 15 m硬 35.00 Mts. con Mz. 26 Huerto. 257', '45.468 Mts. con Mz. 26 Huerto. 13 m硬 35.00 Mts. con Mz. 26 Huerto. 259', '12.50 Mts. conMz. 27 Huerto. 259', '12.50 Mts. con sendero la ceiba', 0, 0);
INSERT INTO `ceiba_negra`.`lotes` (`id_lote`, `id_manzana`, `lote`, `superficie`, `id_precio`, `vendido`, `col_norte`, `col_sur`, `col_este`, `col_oeste`, `x`, `y`) VALUES (249, 16, '6', 312.5, 1, 0, '46.012 Mts. con Mz. 26 Huerto. 15 m硬 35.00 Mts. con Mz. 26 Huerto. 258', '45.468 Mts. con Mz. 26 Huerto. 13 m硬 35.00 Mts. con Mz. 26 Huerto. 260', '12.50 Mts. conMz. 27 Huerto. 260', '12.50 Mts. con sendero la ceiba', 0, 0);
INSERT INTO `ceiba_negra`.`lotes` (`id_lote`, `id_manzana`, `lote`, `superficie`, `id_precio`, `vendido`, `col_norte`, `col_sur`, `col_este`, `col_oeste`, `x`, `y`) VALUES (250, 16, '7', 312.5, 1, 0, '46.012 Mts. con Mz. 26 Huerto. 15 m硬 35.00 Mts. con Mz. 26 Huerto. 259', '45.468 Mts. con Mz. 26 Huerto. 13 m硬 35.00 Mts. con Mz. 26 Huerto. 261', '12.50 Mts. conMz. 27 Huerto. 261', '12.50 Mts. con sendero la ceiba', 0, 0);
INSERT INTO `ceiba_negra`.`lotes` (`id_lote`, `id_manzana`, `lote`, `superficie`, `id_precio`, `vendido`, `col_norte`, `col_sur`, `col_este`, `col_oeste`, `x`, `y`) VALUES (251, 16, '8', 312.5, 1, 0, '46.012 Mts. con Mz. 26 Huerto. 15 m硬 35.00 Mts. con Mz. 26 Huerto. 260', '45.468 Mts. con Mz. 26 Huerto. 13 m硬 35.00 Mts. con Mz. 26 Huerto. 262', '12.50 Mts. conMz. 27 Huerto. 262', '12.50 Mts. con sendero la ceiba', 0, 0);
INSERT INTO `ceiba_negra`.`lotes` (`id_lote`, `id_manzana`, `lote`, `superficie`, `id_precio`, `vendido`, `col_norte`, `col_sur`, `col_este`, `col_oeste`, `x`, `y`) VALUES (252, 16, '9', 312.5, 1, 0, '46.012 Mts. con Mz. 26 Huerto. 15 m硬 35.00 Mts. con Mz. 26 Huerto. 261', '45.468 Mts. con Mz. 26 Huerto. 13 m硬 35.00 Mts. con Mz. 26 Huerto. 263', '12.50 Mts. conMz. 27 Huerto. 263', '12.50 Mts. con sendero la ceiba', 0, 0);
INSERT INTO `ceiba_negra`.`lotes` (`id_lote`, `id_manzana`, `lote`, `superficie`, `id_precio`, `vendido`, `col_norte`, `col_sur`, `col_este`, `col_oeste`, `x`, `y`) VALUES (253, 16, '10', 312.5, 1, 0, '46.012 Mts. con Mz. 26 Huerto. 15 m硬 35.00 Mts. con Mz. 26 Huerto. 262', '45.468 Mts. con Mz. 26 Huerto. 13 m硬 35.00 Mts. con Mz. 26 Huerto. 264', '12.50 Mts. conMz. 27 Huerto. 264', '12.50 Mts. con sendero la ceiba', 0, 0);
INSERT INTO `ceiba_negra`.`lotes` (`id_lote`, `id_manzana`, `lote`, `superficie`, `id_precio`, `vendido`, `col_norte`, `col_sur`, `col_este`, `col_oeste`, `x`, `y`) VALUES (254, 16, '11', 312.5, 1, 0, '46.012 Mts. con Mz. 26 Huerto. 15 m硬 35.00 Mts. con Mz. 26 Huerto. 263', '45.468 Mts. con Mz. 26 Huerto. 13 m硬 35.00 Mts. con Mz. 26 Huerto. 265', '12.50 Mts. conMz. 27 Huerto. 265', '12.50 Mts. con sendero la ceiba', 0, 0);
INSERT INTO `ceiba_negra`.`lotes` (`id_lote`, `id_manzana`, `lote`, `superficie`, `id_precio`, `vendido`, `col_norte`, `col_sur`, `col_este`, `col_oeste`, `x`, `y`) VALUES (255, 16, '12', 312.5, 1, 0, '46.012 Mts. con Mz. 26 Huerto. 15 m硬 35.00 Mts. con Mz. 26 Huerto. 264', '45.468 Mts. con Mz. 26 Huerto. 13 m硬 35.00 Mts. con Mz. 26 Huerto. 266', '12.50 Mts. conMz. 27 Huerto. 266', '12.50 Mts. con sendero la ceiba', 0, 0);
INSERT INTO `ceiba_negra`.`lotes` (`id_lote`, `id_manzana`, `lote`, `superficie`, `id_precio`, `vendido`, `col_norte`, `col_sur`, `col_este`, `col_oeste`, `x`, `y`) VALUES (256, 16, '13', 312.5, 1, 0, '46.012 Mts. con Mz. 26 Huerto. 15 m硬 35.00 Mts. con Mz. 26 Huerto. 265', '45.468 Mts. con Mz. 26 Huerto. 13 m硬 35.00 Mts. con Mz. 26 Huerto. 267', '12.50 Mts. conMz. 27 Huerto. 267', '12.50 Mts. con sendero la ceiba', 0, 0);
INSERT INTO `ceiba_negra`.`lotes` (`id_lote`, `id_manzana`, `lote`, `superficie`, `id_precio`, `vendido`, `col_norte`, `col_sur`, `col_este`, `col_oeste`, `x`, `y`) VALUES (257, 16, '14', 312.5, 1, 0, '46.012 Mts. con Mz. 26 Huerto. 15 m硬 35.00 Mts. con Mz. 26 Huerto. 266', '45.468 Mts. con Mz. 26 Huerto. 13 m硬 35.00 Mts. con Mz. 26 Huerto. 268', '12.50 Mts. conMz. 27 Huerto. 268', '12.50 Mts. con sendero la ceiba', 0, 0);
INSERT INTO `ceiba_negra`.`lotes` (`id_lote`, `id_manzana`, `lote`, `superficie`, `id_precio`, `vendido`, `col_norte`, `col_sur`, `col_este`, `col_oeste`, `x`, `y`) VALUES (258, 16, '15', 312.5, 1, 0, '46.012 Mts. con Mz. 26 Huerto. 15 m硬 35.00 Mts. con Mz. 26 Huerto. 267', '45.468 Mts. con Mz. 26 Huerto. 13 m硬 35.00 Mts. con Mz. 26 Huerto. 269', '12.50 Mts. conMz. 27 Huerto. 269', '12.50 Mts. con sendero la ceiba', 0, 0);
INSERT INTO `ceiba_negra`.`lotes` (`id_lote`, `id_manzana`, `lote`, `superficie`, `id_precio`, `vendido`, `col_norte`, `col_sur`, `col_este`, `col_oeste`, `x`, `y`) VALUES (259, 16, '16', 312.5, 1, 0, '46.012 Mts. con Mz. 26 Huerto. 15 m硬 35.00 Mts. con Mz. 26 Huerto. 268', '45.468 Mts. con Mz. 26 Huerto. 13 m硬 35.00 Mts. con Mz. 26 Huerto. 270', '12.50 Mts. conMz. 27 Huerto. 270', '12.50 Mts. con sendero la ceiba', 0, 0);
INSERT INTO `ceiba_negra`.`lotes` (`id_lote`, `id_manzana`, `lote`, `superficie`, `id_precio`, `vendido`, `col_norte`, `col_sur`, `col_este`, `col_oeste`, `x`, `y`) VALUES (260, 16, '17', 312.5, 1, 0, '46.012 Mts. con Mz. 26 Huerto. 15 m硬 35.00 Mts. con Mz. 26 Huerto. 269', '45.468 Mts. con Mz. 26 Huerto. 13 m硬 35.00 Mts. con Mz. 26 Huerto. 271', '12.50 Mts. conMz. 27 Huerto. 271', '12.50 Mts. con sendero la ceiba', 0, 0);
INSERT INTO `ceiba_negra`.`lotes` (`id_lote`, `id_manzana`, `lote`, `superficie`, `id_precio`, `vendido`, `col_norte`, `col_sur`, `col_este`, `col_oeste`, `x`, `y`) VALUES (261, 16, '18', 312.5, 1, 0, '46.012 Mts. con Mz. 26 Huerto. 15 m硬 35.00 Mts. con Mz. 26 Huerto. 270', '45.468 Mts. con Mz. 26 Huerto. 13 m硬 35.00 Mts. con Mz. 26 Huerto. 272', '12.50 Mts. conMz. 27 Huerto. 272', '12.50 Mts. con sendero la ceiba', 0, 0);
INSERT INTO `ceiba_negra`.`lotes` (`id_lote`, `id_manzana`, `lote`, `superficie`, `id_precio`, `vendido`, `col_norte`, `col_sur`, `col_este`, `col_oeste`, `x`, `y`) VALUES (262, 16, '19', 312.5, 1, 0, '46.012 Mts. con Mz. 26 Huerto. 15 m硬 35.00 Mts. con Mz. 26 Huerto. 271', '45.468 Mts. con Mz. 26 Huerto. 13 m硬 35.00 Mts. con Mz. 26 Huerto. 273', '12.50 Mts. conMz. 27 Huerto. 273', '12.50 Mts. con sendero la ceiba', 0, 0);
INSERT INTO `ceiba_negra`.`lotes` (`id_lote`, `id_manzana`, `lote`, `superficie`, `id_precio`, `vendido`, `col_norte`, `col_sur`, `col_este`, `col_oeste`, `x`, `y`) VALUES (263, 16, '20', 312.5, 1, 0, '46.012 Mts. con Mz. 26 Huerto. 15 m硬 35.00 Mts. con Mz. 26 Huerto. 272', '45.468 Mts. con Mz. 26 Huerto. 13 m硬 35.00 Mts. con Mz. 26 Huerto. 274', '12.50 Mts. conMz. 27 Huerto. 274', '12.50 Mts. con sendero la ceiba', 0, 0);
INSERT INTO `ceiba_negra`.`lotes` (`id_lote`, `id_manzana`, `lote`, `superficie`, `id_precio`, `vendido`, `col_norte`, `col_sur`, `col_este`, `col_oeste`, `x`, `y`) VALUES (264, 17, '1', 312.5, 3, 1, '46.012 Mts. con Mz. 26 Huerto. 15 m硬 35.00 Mts. con Mz. 26 Huerto. 273', '45.468 Mts. con Mz. 26 Huerto. 13 m硬 35.00 Mts. con Mz. 26 Huerto. 275', '12.50 Mts. conMz. 27 Huerto. 275', '12.50 Mts. con sendero la ceiba', 0, 0);
INSERT INTO `ceiba_negra`.`lotes` (`id_lote`, `id_manzana`, `lote`, `superficie`, `id_precio`, `vendido`, `col_norte`, `col_sur`, `col_este`, `col_oeste`, `x`, `y`) VALUES (265, 17, '2', 312.5, 3, 1, '46.012 Mts. con Mz. 26 Huerto. 15 m硬 35.00 Mts. con Mz. 26 Huerto. 274', '45.468 Mts. con Mz. 26 Huerto. 13 m硬 35.00 Mts. con Mz. 26 Huerto. 276', '12.50 Mts. conMz. 27 Huerto. 276', '12.50 Mts. con sendero la ceiba', 0, 0);
INSERT INTO `ceiba_negra`.`lotes` (`id_lote`, `id_manzana`, `lote`, `superficie`, `id_precio`, `vendido`, `col_norte`, `col_sur`, `col_este`, `col_oeste`, `x`, `y`) VALUES (266, 17, '3', 312.5, 3, 1, '46.012 Mts. con Mz. 26 Huerto. 15 m硬 35.00 Mts. con Mz. 26 Huerto. 275', '45.468 Mts. con Mz. 26 Huerto. 13 m硬 35.00 Mts. con Mz. 26 Huerto. 277', '12.50 Mts. conMz. 27 Huerto. 277', '12.50 Mts. con sendero la ceiba', 0, 0);
INSERT INTO `ceiba_negra`.`lotes` (`id_lote`, `id_manzana`, `lote`, `superficie`, `id_precio`, `vendido`, `col_norte`, `col_sur`, `col_este`, `col_oeste`, `x`, `y`) VALUES (267, 17, '4', 312.5, 3, 1, '46.012 Mts. con Mz. 26 Huerto. 15 m硬 35.00 Mts. con Mz. 26 Huerto. 276', '45.468 Mts. con Mz. 26 Huerto. 13 m硬 35.00 Mts. con Mz. 26 Huerto. 278', '12.50 Mts. conMz. 27 Huerto. 278', '12.50 Mts. con sendero la ceiba', 0, 0);
INSERT INTO `ceiba_negra`.`lotes` (`id_lote`, `id_manzana`, `lote`, `superficie`, `id_precio`, `vendido`, `col_norte`, `col_sur`, `col_este`, `col_oeste`, `x`, `y`) VALUES (268, 17, '5', 312.5, 3, 1, '46.012 Mts. con Mz. 26 Huerto. 15 m硬 35.00 Mts. con Mz. 26 Huerto. 277', '45.468 Mts. con Mz. 26 Huerto. 13 m硬 35.00 Mts. con Mz. 26 Huerto. 279', '12.50 Mts. conMz. 27 Huerto. 279', '12.50 Mts. con sendero la ceiba', 0, 0);
INSERT INTO `ceiba_negra`.`lotes` (`id_lote`, `id_manzana`, `lote`, `superficie`, `id_precio`, `vendido`, `col_norte`, `col_sur`, `col_este`, `col_oeste`, `x`, `y`) VALUES (269, 17, '6', 312.5, 3, 1, '46.012 Mts. con Mz. 26 Huerto. 15 m硬 35.00 Mts. con Mz. 26 Huerto. 278', '45.468 Mts. con Mz. 26 Huerto. 13 m硬 35.00 Mts. con Mz. 26 Huerto. 280', '12.50 Mts. conMz. 27 Huerto. 280', '12.50 Mts. con sendero la ceiba', 0, 0);
INSERT INTO `ceiba_negra`.`lotes` (`id_lote`, `id_manzana`, `lote`, `superficie`, `id_precio`, `vendido`, `col_norte`, `col_sur`, `col_este`, `col_oeste`, `x`, `y`) VALUES (270, 17, '7', 312.5, 3, 1, '46.012 Mts. con Mz. 26 Huerto. 15 m硬 35.00 Mts. con Mz. 26 Huerto. 279', '45.468 Mts. con Mz. 26 Huerto. 13 m硬 35.00 Mts. con Mz. 26 Huerto. 281', '12.50 Mts. conMz. 27 Huerto. 281', '12.50 Mts. con sendero la ceiba', 0, 0);
INSERT INTO `ceiba_negra`.`lotes` (`id_lote`, `id_manzana`, `lote`, `superficie`, `id_precio`, `vendido`, `col_norte`, `col_sur`, `col_este`, `col_oeste`, `x`, `y`) VALUES (271, 17, '8', 312.5, 3, 1, '46.012 Mts. con Mz. 26 Huerto. 15 m硬 35.00 Mts. con Mz. 26 Huerto. 280', '45.468 Mts. con Mz. 26 Huerto. 13 m硬 35.00 Mts. con Mz. 26 Huerto. 282', '12.50 Mts. conMz. 27 Huerto. 282', '12.50 Mts. con sendero la ceiba', 0, 0);
INSERT INTO `ceiba_negra`.`lotes` (`id_lote`, `id_manzana`, `lote`, `superficie`, `id_precio`, `vendido`, `col_norte`, `col_sur`, `col_este`, `col_oeste`, `x`, `y`) VALUES (272, 17, '9', 312.5, 3, 1, '46.012 Mts. con Mz. 26 Huerto. 15 m硬 35.00 Mts. con Mz. 26 Huerto. 281', '45.468 Mts. con Mz. 26 Huerto. 13 m硬 35.00 Mts. con Mz. 26 Huerto. 283', '12.50 Mts. conMz. 27 Huerto. 283', '12.50 Mts. con sendero la ceiba', 0, 0);
INSERT INTO `ceiba_negra`.`lotes` (`id_lote`, `id_manzana`, `lote`, `superficie`, `id_precio`, `vendido`, `col_norte`, `col_sur`, `col_este`, `col_oeste`, `x`, `y`) VALUES (273, 17, '10', 312.5, 3, 1, '46.012 Mts. con Mz. 26 Huerto. 15 m硬 35.00 Mts. con Mz. 26 Huerto. 282', '45.468 Mts. con Mz. 26 Huerto. 13 m硬 35.00 Mts. con Mz. 26 Huerto. 284', '12.50 Mts. conMz. 27 Huerto. 284', '12.50 Mts. con sendero la ceiba', 0, 0);
INSERT INTO `ceiba_negra`.`lotes` (`id_lote`, `id_manzana`, `lote`, `superficie`, `id_precio`, `vendido`, `col_norte`, `col_sur`, `col_este`, `col_oeste`, `x`, `y`) VALUES (274, 17, '11', 312.5, 3, 1, '46.012 Mts. con Mz. 26 Huerto. 15 m硬 35.00 Mts. con Mz. 26 Huerto. 283', '45.468 Mts. con Mz. 26 Huerto. 13 m硬 35.00 Mts. con Mz. 26 Huerto. 285', '12.50 Mts. conMz. 27 Huerto. 285', '12.50 Mts. con sendero la ceiba', 0, 0);
INSERT INTO `ceiba_negra`.`lotes` (`id_lote`, `id_manzana`, `lote`, `superficie`, `id_precio`, `vendido`, `col_norte`, `col_sur`, `col_este`, `col_oeste`, `x`, `y`) VALUES (275, 17, '12', 312.5, 3, 1, '46.012 Mts. con Mz. 26 Huerto. 15 m硬 35.00 Mts. con Mz. 26 Huerto. 284', '45.468 Mts. con Mz. 26 Huerto. 13 m硬 35.00 Mts. con Mz. 26 Huerto. 286', '12.50 Mts. conMz. 27 Huerto. 286', '12.50 Mts. con sendero la ceiba', 0, 0);
INSERT INTO `ceiba_negra`.`lotes` (`id_lote`, `id_manzana`, `lote`, `superficie`, `id_precio`, `vendido`, `col_norte`, `col_sur`, `col_este`, `col_oeste`, `x`, `y`) VALUES (276, 17, '13', 312.5, 3, 1, '46.012 Mts. con Mz. 26 Huerto. 15 m硬 35.00 Mts. con Mz. 26 Huerto. 285', '45.468 Mts. con Mz. 26 Huerto. 13 m硬 35.00 Mts. con Mz. 26 Huerto. 287', '12.50 Mts. conMz. 27 Huerto. 287', '12.50 Mts. con sendero la ceiba', 0, 0);
INSERT INTO `ceiba_negra`.`lotes` (`id_lote`, `id_manzana`, `lote`, `superficie`, `id_precio`, `vendido`, `col_norte`, `col_sur`, `col_este`, `col_oeste`, `x`, `y`) VALUES (277, 17, '14', 312.5, 3, 1, '46.012 Mts. con Mz. 26 Huerto. 15 m硬 35.00 Mts. con Mz. 26 Huerto. 286', '45.468 Mts. con Mz. 26 Huerto. 13 m硬 35.00 Mts. con Mz. 26 Huerto. 288', '12.50 Mts. conMz. 27 Huerto. 288', '12.50 Mts. con sendero la ceiba', 0, 0);
INSERT INTO `ceiba_negra`.`lotes` (`id_lote`, `id_manzana`, `lote`, `superficie`, `id_precio`, `vendido`, `col_norte`, `col_sur`, `col_este`, `col_oeste`, `x`, `y`) VALUES (278, 17, '15', 312.5, 3, 1, '46.012 Mts. con Mz. 26 Huerto. 15 m硬 35.00 Mts. con Mz. 26 Huerto. 287', '45.468 Mts. con Mz. 26 Huerto. 13 m硬 35.00 Mts. con Mz. 26 Huerto. 289', '12.50 Mts. conMz. 27 Huerto. 289', '12.50 Mts. con sendero la ceiba', 0, 0);
INSERT INTO `ceiba_negra`.`lotes` (`id_lote`, `id_manzana`, `lote`, `superficie`, `id_precio`, `vendido`, `col_norte`, `col_sur`, `col_este`, `col_oeste`, `x`, `y`) VALUES (279, 17, '16', 312.5, 3, 1, '46.012 Mts. con Mz. 26 Huerto. 15 m硬 35.00 Mts. con Mz. 26 Huerto. 288', '45.468 Mts. con Mz. 26 Huerto. 13 m硬 35.00 Mts. con Mz. 26 Huerto. 290', '12.50 Mts. conMz. 27 Huerto. 290', '12.50 Mts. con sendero la ceiba', 0, 0);
INSERT INTO `ceiba_negra`.`lotes` (`id_lote`, `id_manzana`, `lote`, `superficie`, `id_precio`, `vendido`, `col_norte`, `col_sur`, `col_este`, `col_oeste`, `x`, `y`) VALUES (280, 17, '17', 312.5, 3, 1, '46.012 Mts. con Mz. 26 Huerto. 15 m硬 35.00 Mts. con Mz. 26 Huerto. 289', '45.468 Mts. con Mz. 26 Huerto. 13 m硬 35.00 Mts. con Mz. 26 Huerto. 291', '12.50 Mts. conMz. 27 Huerto. 291', '12.50 Mts. con sendero la ceiba', 0, 0);
INSERT INTO `ceiba_negra`.`lotes` (`id_lote`, `id_manzana`, `lote`, `superficie`, `id_precio`, `vendido`, `col_norte`, `col_sur`, `col_este`, `col_oeste`, `x`, `y`) VALUES (281, 17, '18', 312.5, 3, 1, '46.012 Mts. con Mz. 26 Huerto. 15 m硬 35.00 Mts. con Mz. 26 Huerto. 290', '45.468 Mts. con Mz. 26 Huerto. 13 m硬 35.00 Mts. con Mz. 26 Huerto. 292', '12.50 Mts. conMz. 27 Huerto. 292', '12.50 Mts. con sendero la ceiba', 0, 0);
INSERT INTO `ceiba_negra`.`lotes` (`id_lote`, `id_manzana`, `lote`, `superficie`, `id_precio`, `vendido`, `col_norte`, `col_sur`, `col_este`, `col_oeste`, `x`, `y`) VALUES (282, 17, '19', 312.5, 3, 1, '46.012 Mts. con Mz. 26 Huerto. 15 m硬 35.00 Mts. con Mz. 26 Huerto. 291', '45.468 Mts. con Mz. 26 Huerto. 13 m硬 35.00 Mts. con Mz. 26 Huerto. 293', '12.50 Mts. conMz. 27 Huerto. 293', '12.50 Mts. con sendero la ceiba', 0, 0);
INSERT INTO `ceiba_negra`.`lotes` (`id_lote`, `id_manzana`, `lote`, `superficie`, `id_precio`, `vendido`, `col_norte`, `col_sur`, `col_este`, `col_oeste`, `x`, `y`) VALUES (283, 17, '20', 312.5, 3, 1, '46.012 Mts. con Mz. 26 Huerto. 15 m硬 35.00 Mts. con Mz. 26 Huerto. 292', '45.468 Mts. con Mz. 26 Huerto. 13 m硬 35.00 Mts. con Mz. 26 Huerto. 294', '12.50 Mts. conMz. 27 Huerto. 294', '12.50 Mts. con sendero la ceiba', 0, 0);
INSERT INTO `ceiba_negra`.`lotes` (`id_lote`, `id_manzana`, `lote`, `superficie`, `id_precio`, `vendido`, `col_norte`, `col_sur`, `col_este`, `col_oeste`, `x`, `y`) VALUES (284, 18, '1', 312.5, 1, 0, '46.012 Mts. con Mz. 26 Huerto. 15 m硬 35.00 Mts. con Mz. 26 Huerto. 293', '45.468 Mts. con Mz. 26 Huerto. 13 m硬 35.00 Mts. con Mz. 26 Huerto. 295', '12.50 Mts. conMz. 27 Huerto. 295', '12.50 Mts. con sendero la ceiba', 0, 0);
INSERT INTO `ceiba_negra`.`lotes` (`id_lote`, `id_manzana`, `lote`, `superficie`, `id_precio`, `vendido`, `col_norte`, `col_sur`, `col_este`, `col_oeste`, `x`, `y`) VALUES (285, 18, '2', 312.5, 1, 0, '46.012 Mts. con Mz. 26 Huerto. 15 m硬 35.00 Mts. con Mz. 26 Huerto. 294', '45.468 Mts. con Mz. 26 Huerto. 13 m硬 35.00 Mts. con Mz. 26 Huerto. 296', '12.50 Mts. conMz. 27 Huerto. 296', '12.50 Mts. con sendero la ceiba', 0, 0);
INSERT INTO `ceiba_negra`.`lotes` (`id_lote`, `id_manzana`, `lote`, `superficie`, `id_precio`, `vendido`, `col_norte`, `col_sur`, `col_este`, `col_oeste`, `x`, `y`) VALUES (286, 18, '3', 312.5, 1, 0, '46.012 Mts. con Mz. 26 Huerto. 15 m硬 35.00 Mts. con Mz. 26 Huerto. 295', '45.468 Mts. con Mz. 26 Huerto. 13 m硬 35.00 Mts. con Mz. 26 Huerto. 297', '12.50 Mts. conMz. 27 Huerto. 297', '12.50 Mts. con sendero la ceiba', 0, 0);
INSERT INTO `ceiba_negra`.`lotes` (`id_lote`, `id_manzana`, `lote`, `superficie`, `id_precio`, `vendido`, `col_norte`, `col_sur`, `col_este`, `col_oeste`, `x`, `y`) VALUES (287, 18, '4', 312.5, 1, 0, '46.012 Mts. con Mz. 26 Huerto. 15 m硬 35.00 Mts. con Mz. 26 Huerto. 296', '45.468 Mts. con Mz. 26 Huerto. 13 m硬 35.00 Mts. con Mz. 26 Huerto. 298', '12.50 Mts. conMz. 27 Huerto. 298', '12.50 Mts. con sendero la ceiba', 0, 0);
INSERT INTO `ceiba_negra`.`lotes` (`id_lote`, `id_manzana`, `lote`, `superficie`, `id_precio`, `vendido`, `col_norte`, `col_sur`, `col_este`, `col_oeste`, `x`, `y`) VALUES (288, 18, '5', 312.5, 1, 0, '46.012 Mts. con Mz. 26 Huerto. 15 m硬 35.00 Mts. con Mz. 26 Huerto. 297', '45.468 Mts. con Mz. 26 Huerto. 13 m硬 35.00 Mts. con Mz. 26 Huerto. 299', '12.50 Mts. conMz. 27 Huerto. 299', '12.50 Mts. con sendero la ceiba', 0, 0);
INSERT INTO `ceiba_negra`.`lotes` (`id_lote`, `id_manzana`, `lote`, `superficie`, `id_precio`, `vendido`, `col_norte`, `col_sur`, `col_este`, `col_oeste`, `x`, `y`) VALUES (289, 18, '6', 312.5, 1, 0, '46.012 Mts. con Mz. 26 Huerto. 15 m硬 35.00 Mts. con Mz. 26 Huerto. 298', '45.468 Mts. con Mz. 26 Huerto. 13 m硬 35.00 Mts. con Mz. 26 Huerto. 300', '12.50 Mts. conMz. 27 Huerto. 300', '12.50 Mts. con sendero la ceiba', 0, 0);
INSERT INTO `ceiba_negra`.`lotes` (`id_lote`, `id_manzana`, `lote`, `superficie`, `id_precio`, `vendido`, `col_norte`, `col_sur`, `col_este`, `col_oeste`, `x`, `y`) VALUES (290, 18, '7', 312.5, 1, 0, '46.012 Mts. con Mz. 26 Huerto. 15 m硬 35.00 Mts. con Mz. 26 Huerto. 299', '45.468 Mts. con Mz. 26 Huerto. 13 m硬 35.00 Mts. con Mz. 26 Huerto. 301', '12.50 Mts. conMz. 27 Huerto. 301', '12.50 Mts. con sendero la ceiba', 0, 0);
INSERT INTO `ceiba_negra`.`lotes` (`id_lote`, `id_manzana`, `lote`, `superficie`, `id_precio`, `vendido`, `col_norte`, `col_sur`, `col_este`, `col_oeste`, `x`, `y`) VALUES (291, 18, '8', 312.5, 1, 0, '46.012 Mts. con Mz. 26 Huerto. 15 m硬 35.00 Mts. con Mz. 26 Huerto. 300', '45.468 Mts. con Mz. 26 Huerto. 13 m硬 35.00 Mts. con Mz. 26 Huerto. 302', '12.50 Mts. conMz. 27 Huerto. 302', '12.50 Mts. con sendero la ceiba', 0, 0);
INSERT INTO `ceiba_negra`.`lotes` (`id_lote`, `id_manzana`, `lote`, `superficie`, `id_precio`, `vendido`, `col_norte`, `col_sur`, `col_este`, `col_oeste`, `x`, `y`) VALUES (292, 18, '9', 312.5, 1, 0, '46.012 Mts. con Mz. 26 Huerto. 15 m硬 35.00 Mts. con Mz. 26 Huerto. 301', '45.468 Mts. con Mz. 26 Huerto. 13 m硬 35.00 Mts. con Mz. 26 Huerto. 303', '12.50 Mts. conMz. 27 Huerto. 303', '12.50 Mts. con sendero la ceiba', 0, 0);
INSERT INTO `ceiba_negra`.`lotes` (`id_lote`, `id_manzana`, `lote`, `superficie`, `id_precio`, `vendido`, `col_norte`, `col_sur`, `col_este`, `col_oeste`, `x`, `y`) VALUES (293, 18, '10', 312.5, 1, 0, '46.012 Mts. con Mz. 26 Huerto. 15 m硬 35.00 Mts. con Mz. 26 Huerto. 302', '45.468 Mts. con Mz. 26 Huerto. 13 m硬 35.00 Mts. con Mz. 26 Huerto. 304', '12.50 Mts. conMz. 27 Huerto. 304', '12.50 Mts. con sendero la ceiba', 0, 0);
INSERT INTO `ceiba_negra`.`lotes` (`id_lote`, `id_manzana`, `lote`, `superficie`, `id_precio`, `vendido`, `col_norte`, `col_sur`, `col_este`, `col_oeste`, `x`, `y`) VALUES (294, 18, '11', 312.5, 1, 0, '46.012 Mts. con Mz. 26 Huerto. 15 m硬 35.00 Mts. con Mz. 26 Huerto. 303', '45.468 Mts. con Mz. 26 Huerto. 13 m硬 35.00 Mts. con Mz. 26 Huerto. 305', '12.50 Mts. conMz. 27 Huerto. 305', '12.50 Mts. con sendero la ceiba', 0, 0);
INSERT INTO `ceiba_negra`.`lotes` (`id_lote`, `id_manzana`, `lote`, `superficie`, `id_precio`, `vendido`, `col_norte`, `col_sur`, `col_este`, `col_oeste`, `x`, `y`) VALUES (295, 18, '12', 312.5, 1, 0, '46.012 Mts. con Mz. 26 Huerto. 15 m硬 35.00 Mts. con Mz. 26 Huerto. 304', '45.468 Mts. con Mz. 26 Huerto. 13 m硬 35.00 Mts. con Mz. 26 Huerto. 306', '12.50 Mts. conMz. 27 Huerto. 306', '12.50 Mts. con sendero la ceiba', 0, 0);
INSERT INTO `ceiba_negra`.`lotes` (`id_lote`, `id_manzana`, `lote`, `superficie`, `id_precio`, `vendido`, `col_norte`, `col_sur`, `col_este`, `col_oeste`, `x`, `y`) VALUES (296, 18, '13', 312.5, 1, 0, '46.012 Mts. con Mz. 26 Huerto. 15 m硬 35.00 Mts. con Mz. 26 Huerto. 305', '45.468 Mts. con Mz. 26 Huerto. 13 m硬 35.00 Mts. con Mz. 26 Huerto. 307', '12.50 Mts. conMz. 27 Huerto. 307', '12.50 Mts. con sendero la ceiba', 0, 0);
INSERT INTO `ceiba_negra`.`lotes` (`id_lote`, `id_manzana`, `lote`, `superficie`, `id_precio`, `vendido`, `col_norte`, `col_sur`, `col_este`, `col_oeste`, `x`, `y`) VALUES (297, 18, '14', 312.5, 1, 0, '46.012 Mts. con Mz. 26 Huerto. 15 m硬 35.00 Mts. con Mz. 26 Huerto. 306', '45.468 Mts. con Mz. 26 Huerto. 13 m硬 35.00 Mts. con Mz. 26 Huerto. 308', '12.50 Mts. conMz. 27 Huerto. 308', '12.50 Mts. con sendero la ceiba', 0, 0);
INSERT INTO `ceiba_negra`.`lotes` (`id_lote`, `id_manzana`, `lote`, `superficie`, `id_precio`, `vendido`, `col_norte`, `col_sur`, `col_este`, `col_oeste`, `x`, `y`) VALUES (298, 18, '15', 312.5, 1, 0, '46.012 Mts. con Mz. 26 Huerto. 15 m硬 35.00 Mts. con Mz. 26 Huerto. 307', '45.468 Mts. con Mz. 26 Huerto. 13 m硬 35.00 Mts. con Mz. 26 Huerto. 309', '12.50 Mts. conMz. 27 Huerto. 309', '12.50 Mts. con sendero la ceiba', 0, 0);
INSERT INTO `ceiba_negra`.`lotes` (`id_lote`, `id_manzana`, `lote`, `superficie`, `id_precio`, `vendido`, `col_norte`, `col_sur`, `col_este`, `col_oeste`, `x`, `y`) VALUES (299, 18, '16', 312.5, 1, 0, '46.012 Mts. con Mz. 26 Huerto. 15 m硬 35.00 Mts. con Mz. 26 Huerto. 308', '45.468 Mts. con Mz. 26 Huerto. 13 m硬 35.00 Mts. con Mz. 26 Huerto. 310', '12.50 Mts. conMz. 27 Huerto. 310', '12.50 Mts. con sendero la ceiba', 0, 0);
INSERT INTO `ceiba_negra`.`lotes` (`id_lote`, `id_manzana`, `lote`, `superficie`, `id_precio`, `vendido`, `col_norte`, `col_sur`, `col_este`, `col_oeste`, `x`, `y`) VALUES (300, 18, '17', 312.5, 1, 0, '46.012 Mts. con Mz. 26 Huerto. 15 m硬 35.00 Mts. con Mz. 26 Huerto. 309', '45.468 Mts. con Mz. 26 Huerto. 13 m硬 35.00 Mts. con Mz. 26 Huerto. 311', '12.50 Mts. conMz. 27 Huerto. 311', '12.50 Mts. con sendero la ceiba', 0, 0);
INSERT INTO `ceiba_negra`.`lotes` (`id_lote`, `id_manzana`, `lote`, `superficie`, `id_precio`, `vendido`, `col_norte`, `col_sur`, `col_este`, `col_oeste`, `x`, `y`) VALUES (301, 18, '18', 312.5, 1, 0, '46.012 Mts. con Mz. 26 Huerto. 15 m硬 35.00 Mts. con Mz. 26 Huerto. 310', '45.468 Mts. con Mz. 26 Huerto. 13 m硬 35.00 Mts. con Mz. 26 Huerto. 312', '12.50 Mts. conMz. 27 Huerto. 312', '12.50 Mts. con sendero la ceiba', 0, 0);
INSERT INTO `ceiba_negra`.`lotes` (`id_lote`, `id_manzana`, `lote`, `superficie`, `id_precio`, `vendido`, `col_norte`, `col_sur`, `col_este`, `col_oeste`, `x`, `y`) VALUES (302, 18, '19', 312.5, 1, 0, '46.012 Mts. con Mz. 26 Huerto. 15 m硬 35.00 Mts. con Mz. 26 Huerto. 311', '45.468 Mts. con Mz. 26 Huerto. 13 m硬 35.00 Mts. con Mz. 26 Huerto. 313', '12.50 Mts. conMz. 27 Huerto. 313', '12.50 Mts. con sendero la ceiba', 0, 0);
INSERT INTO `ceiba_negra`.`lotes` (`id_lote`, `id_manzana`, `lote`, `superficie`, `id_precio`, `vendido`, `col_norte`, `col_sur`, `col_este`, `col_oeste`, `x`, `y`) VALUES (303, 18, '20', 312.5, 1, 0, '46.012 Mts. con Mz. 26 Huerto. 15 m硬 35.00 Mts. con Mz. 26 Huerto. 312', '45.468 Mts. con Mz. 26 Huerto. 13 m硬 35.00 Mts. con Mz. 26 Huerto. 314', '12.50 Mts. conMz. 27 Huerto. 314', '12.50 Mts. con sendero la ceiba', 0, 0);
INSERT INTO `ceiba_negra`.`lotes` (`id_lote`, `id_manzana`, `lote`, `superficie`, `id_precio`, `vendido`, `col_norte`, `col_sur`, `col_este`, `col_oeste`, `x`, `y`) VALUES (304, 19, '1', 312.5, 1, 0, '46.012 Mts. con Mz. 26 Huerto. 15 m硬 35.00 Mts. con Mz. 26 Huerto. 313', '45.468 Mts. con Mz. 26 Huerto. 13 m硬 35.00 Mts. con Mz. 26 Huerto. 315', '12.50 Mts. conMz. 27 Huerto. 315', '12.50 Mts. con sendero la ceiba', 0, 0);
INSERT INTO `ceiba_negra`.`lotes` (`id_lote`, `id_manzana`, `lote`, `superficie`, `id_precio`, `vendido`, `col_norte`, `col_sur`, `col_este`, `col_oeste`, `x`, `y`) VALUES (305, 19, '2', 312.5, 1, 0, '46.012 Mts. con Mz. 26 Huerto. 15 m硬 35.00 Mts. con Mz. 26 Huerto. 314', '45.468 Mts. con Mz. 26 Huerto. 13 m硬 35.00 Mts. con Mz. 26 Huerto. 316', '12.50 Mts. conMz. 27 Huerto. 316', '12.50 Mts. con sendero la ceiba', 0, 0);
INSERT INTO `ceiba_negra`.`lotes` (`id_lote`, `id_manzana`, `lote`, `superficie`, `id_precio`, `vendido`, `col_norte`, `col_sur`, `col_este`, `col_oeste`, `x`, `y`) VALUES (306, 19, '3', 312.5, 1, 0, '46.012 Mts. con Mz. 26 Huerto. 15 m硬 35.00 Mts. con Mz. 26 Huerto. 315', '45.468 Mts. con Mz. 26 Huerto. 13 m硬 35.00 Mts. con Mz. 26 Huerto. 317', '12.50 Mts. conMz. 27 Huerto. 317', '12.50 Mts. con sendero la ceiba', 0, 0);
INSERT INTO `ceiba_negra`.`lotes` (`id_lote`, `id_manzana`, `lote`, `superficie`, `id_precio`, `vendido`, `col_norte`, `col_sur`, `col_este`, `col_oeste`, `x`, `y`) VALUES (307, 19, '4', 312.5, 1, 0, '46.012 Mts. con Mz. 26 Huerto. 15 m硬 35.00 Mts. con Mz. 26 Huerto. 316', '45.468 Mts. con Mz. 26 Huerto. 13 m硬 35.00 Mts. con Mz. 26 Huerto. 318', '12.50 Mts. conMz. 27 Huerto. 318', '12.50 Mts. con sendero la ceiba', 0, 0);
INSERT INTO `ceiba_negra`.`lotes` (`id_lote`, `id_manzana`, `lote`, `superficie`, `id_precio`, `vendido`, `col_norte`, `col_sur`, `col_este`, `col_oeste`, `x`, `y`) VALUES (308, 19, '5', 312.5, 1, 0, '46.012 Mts. con Mz. 26 Huerto. 15 m硬 35.00 Mts. con Mz. 26 Huerto. 317', '45.468 Mts. con Mz. 26 Huerto. 13 m硬 35.00 Mts. con Mz. 26 Huerto. 319', '12.50 Mts. conMz. 27 Huerto. 319', '12.50 Mts. con sendero la ceiba', 0, 0);
INSERT INTO `ceiba_negra`.`lotes` (`id_lote`, `id_manzana`, `lote`, `superficie`, `id_precio`, `vendido`, `col_norte`, `col_sur`, `col_este`, `col_oeste`, `x`, `y`) VALUES (309, 19, '6', 312.5, 1, 0, '46.012 Mts. con Mz. 26 Huerto. 15 m硬 35.00 Mts. con Mz. 26 Huerto. 318', '45.468 Mts. con Mz. 26 Huerto. 13 m硬 35.00 Mts. con Mz. 26 Huerto. 320', '12.50 Mts. conMz. 27 Huerto. 320', '12.50 Mts. con sendero la ceiba', 0, 0);
INSERT INTO `ceiba_negra`.`lotes` (`id_lote`, `id_manzana`, `lote`, `superficie`, `id_precio`, `vendido`, `col_norte`, `col_sur`, `col_este`, `col_oeste`, `x`, `y`) VALUES (310, 19, '7', 312.5, 1, 0, '46.012 Mts. con Mz. 26 Huerto. 15 m硬 35.00 Mts. con Mz. 26 Huerto. 319', '45.468 Mts. con Mz. 26 Huerto. 13 m硬 35.00 Mts. con Mz. 26 Huerto. 321', '12.50 Mts. conMz. 27 Huerto. 321', '12.50 Mts. con sendero la ceiba', 0, 0);
INSERT INTO `ceiba_negra`.`lotes` (`id_lote`, `id_manzana`, `lote`, `superficie`, `id_precio`, `vendido`, `col_norte`, `col_sur`, `col_este`, `col_oeste`, `x`, `y`) VALUES (311, 19, '8', 312.5, 1, 0, '46.012 Mts. con Mz. 26 Huerto. 15 m硬 35.00 Mts. con Mz. 26 Huerto. 320', '45.468 Mts. con Mz. 26 Huerto. 13 m硬 35.00 Mts. con Mz. 26 Huerto. 322', '12.50 Mts. conMz. 27 Huerto. 322', '12.50 Mts. con sendero la ceiba', 0, 0);
INSERT INTO `ceiba_negra`.`lotes` (`id_lote`, `id_manzana`, `lote`, `superficie`, `id_precio`, `vendido`, `col_norte`, `col_sur`, `col_este`, `col_oeste`, `x`, `y`) VALUES (312, 19, '9', 312.5, 1, 0, '46.012 Mts. con Mz. 26 Huerto. 15 m硬 35.00 Mts. con Mz. 26 Huerto. 321', '45.468 Mts. con Mz. 26 Huerto. 13 m硬 35.00 Mts. con Mz. 26 Huerto. 323', '12.50 Mts. conMz. 27 Huerto. 323', '12.50 Mts. con sendero la ceiba', 0, 0);
INSERT INTO `ceiba_negra`.`lotes` (`id_lote`, `id_manzana`, `lote`, `superficie`, `id_precio`, `vendido`, `col_norte`, `col_sur`, `col_este`, `col_oeste`, `x`, `y`) VALUES (313, 19, '10', 312.5, 1, 0, '46.012 Mts. con Mz. 26 Huerto. 15 m硬 35.00 Mts. con Mz. 26 Huerto. 322', '45.468 Mts. con Mz. 26 Huerto. 13 m硬 35.00 Mts. con Mz. 26 Huerto. 324', '12.50 Mts. conMz. 27 Huerto. 324', '12.50 Mts. con sendero la ceiba', 0, 0);
INSERT INTO `ceiba_negra`.`lotes` (`id_lote`, `id_manzana`, `lote`, `superficie`, `id_precio`, `vendido`, `col_norte`, `col_sur`, `col_este`, `col_oeste`, `x`, `y`) VALUES (314, 19, '11', 312.5, 1, 0, '46.012 Mts. con Mz. 26 Huerto. 15 m硬 35.00 Mts. con Mz. 26 Huerto. 323', '45.468 Mts. con Mz. 26 Huerto. 13 m硬 35.00 Mts. con Mz. 26 Huerto. 325', '12.50 Mts. conMz. 27 Huerto. 325', '12.50 Mts. con sendero la ceiba', 0, 0);
INSERT INTO `ceiba_negra`.`lotes` (`id_lote`, `id_manzana`, `lote`, `superficie`, `id_precio`, `vendido`, `col_norte`, `col_sur`, `col_este`, `col_oeste`, `x`, `y`) VALUES (315, 19, '12', 312.5, 1, 0, '46.012 Mts. con Mz. 26 Huerto. 15 m硬 35.00 Mts. con Mz. 26 Huerto. 324', '45.468 Mts. con Mz. 26 Huerto. 13 m硬 35.00 Mts. con Mz. 26 Huerto. 326', '12.50 Mts. conMz. 27 Huerto. 326', '12.50 Mts. con sendero la ceiba', 0, 0);
INSERT INTO `ceiba_negra`.`lotes` (`id_lote`, `id_manzana`, `lote`, `superficie`, `id_precio`, `vendido`, `col_norte`, `col_sur`, `col_este`, `col_oeste`, `x`, `y`) VALUES (316, 19, '13', 312.5, 1, 0, '46.012 Mts. con Mz. 26 Huerto. 15 m硬 35.00 Mts. con Mz. 26 Huerto. 325', '45.468 Mts. con Mz. 26 Huerto. 13 m硬 35.00 Mts. con Mz. 26 Huerto. 327', '12.50 Mts. conMz. 27 Huerto. 327', '12.50 Mts. con sendero la ceiba', 0, 0);
INSERT INTO `ceiba_negra`.`lotes` (`id_lote`, `id_manzana`, `lote`, `superficie`, `id_precio`, `vendido`, `col_norte`, `col_sur`, `col_este`, `col_oeste`, `x`, `y`) VALUES (317, 19, '18', 312.5, 1, 0, '46.012 Mts. con Mz. 26 Huerto. 15 m硬 35.00 Mts. con Mz. 26 Huerto. 326', '45.468 Mts. con Mz. 26 Huerto. 13 m硬 35.00 Mts. con Mz. 26 Huerto. 328', '12.50 Mts. conMz. 27 Huerto. 328', '12.50 Mts. con sendero la ceiba', 0, 0);
INSERT INTO `ceiba_negra`.`lotes` (`id_lote`, `id_manzana`, `lote`, `superficie`, `id_precio`, `vendido`, `col_norte`, `col_sur`, `col_este`, `col_oeste`, `x`, `y`) VALUES (318, 19, '19', 312.5, 1, 0, '46.012 Mts. con Mz. 26 Huerto. 15 m硬 35.00 Mts. con Mz. 26 Huerto. 327', '45.468 Mts. con Mz. 26 Huerto. 13 m硬 35.00 Mts. con Mz. 26 Huerto. 329', '12.50 Mts. conMz. 27 Huerto. 329', '12.50 Mts. con sendero la ceiba', 0, 0);
INSERT INTO `ceiba_negra`.`lotes` (`id_lote`, `id_manzana`, `lote`, `superficie`, `id_precio`, `vendido`, `col_norte`, `col_sur`, `col_este`, `col_oeste`, `x`, `y`) VALUES (319, 19, '20', 312.5, 1, 0, '46.012 Mts. con Mz. 26 Huerto. 15 m硬 35.00 Mts. con Mz. 26 Huerto. 328', '45.468 Mts. con Mz. 26 Huerto. 13 m硬 35.00 Mts. con Mz. 26 Huerto. 330', '12.50 Mts. conMz. 27 Huerto. 330', '12.50 Mts. con sendero la ceiba', 0, 0);
INSERT INTO `ceiba_negra`.`lotes` (`id_lote`, `id_manzana`, `lote`, `superficie`, `id_precio`, `vendido`, `col_norte`, `col_sur`, `col_este`, `col_oeste`, `x`, `y`) VALUES (320, 20, '1', 10000, 1, 0, '46.012 Mts. con Mz. 26 Huerto. 15 m硬 35.00 Mts. con Mz. 26 Huerto. 329', '45.468 Mts. con Mz. 26 Huerto. 13 m硬 35.00 Mts. con Mz. 26 Huerto. 331', '12.50 Mts. conMz. 27 Huerto. 331', '12.50 Mts. con sendero la ceiba', 0, 0);

COMMIT;


-- -----------------------------------------------------
-- Data for table `ceiba_negra`.`lideres`
-- -----------------------------------------------------
START TRANSACTION;
USE `ceiba_negra`;
INSERT INTO `ceiba_negra`.`lideres` (`id_lider`, `nombre`, `apellidos`, `correo`, `telefono`) VALUES (1, 'Samuel', 'Rojas Too', 'samuel_-_rojas@hotmail.com', 9982121131);

COMMIT;


-- -----------------------------------------------------
-- Data for table `ceiba_negra`.`bancos`
-- -----------------------------------------------------
START TRANSACTION;
USE `ceiba_negra`;
INSERT INTO `ceiba_negra`.`bancos` (`id_banco`, `nombre`, `cuenta`, `tarjeta`) VALUES (1, 'Banamex', DEFAULT, 5206980085722597);
INSERT INTO `ceiba_negra`.`bancos` (`id_banco`, `nombre`, `cuenta`, `tarjeta`) VALUES (2, 'HSBC', DEFAULT, 4213166056135381);
INSERT INTO `ceiba_negra`.`bancos` (`id_banco`, `nombre`, `cuenta`, `tarjeta`) VALUES (3, 'Scotianbank', DEFAULT, 5579209088642019);

COMMIT;

